,Unnamed: 0,amount,change,close,high,low,open,pct_chg,pre_close,trade_date,ts_code,vol
0,,82609.08,0.08000000000000007,5.45,5.6,5.31,5.33,1.4898,5.37,20200403,300241.SZ,152041.95
1,,74065.946,0.20999999999999996,5.37,5.43,5.07,5.12,4.0698,5.16,20200402,300241.SZ,140076.77
2,,46605.054,0.009999999999999787,5.16,5.28,5.12,5.12,0.1942,5.15,20200401,300241.SZ,89564.71
3,,47654.798,-0.1299999999999999,5.15,5.35,5.14,5.35,-2.4621,5.28,20200331,300241.SZ,91128.0
4,,48471.016,-0.20999999999999996,5.28,5.44,5.18,5.44,-3.8251,5.49,20200330,300241.SZ,91881.09
0,0.0,44386.518,-0.09999999999999963,5.49,5.68,5.48,5.66,-1.7889,5.59,20200327,300241.SZ,79832.73
1,1.0,53467.889,-0.08000000000000007,5.59,5.69,5.56,5.61,-1.4109,5.67,20200326,300241.SZ,95106.96
2,2.0,58156.445,0.08999999999999986,5.67,5.77,5.61,5.7,1.6129,5.58,20200325,300241.SZ,102397.49
3,3.0,66119.664,0.11000000000000032,5.58,5.64,5.34,5.56,2.011,5.47,20200324,300241.SZ,120061.43
4,4.0,90990.243,-0.4500000000000002,5.47,5.84,5.37,5.78,-7.6014,5.92,20200323,300241.SZ,161949.45
5,5.0,82740.383,0.07000000000000027,5.92,6.02,5.74,5.93,1.1966,5.85,20200320,300241.SZ,140529.83
6,6.0,99206.79,0.1299999999999999,5.85,5.87,5.62,5.73,2.2727,5.72,20200319,300241.SZ,172252.6
7,7.0,138031.63,-0.3600000000000003,5.72,6.18,5.72,6.16,-5.9211,6.08,20200318,300241.SZ,229032.16
8,8.0,151858.631,-0.21,6.08,6.46,5.82,6.41,-3.3386,6.29,20200317,300241.SZ,247681.21
9,9.0,223244.55800000002,-0.5599999999999996,6.29,6.91,6.2,6.91,-8.1752,6.85,20200316,300241.SZ,338839.09
10,10.0,225744.202,0.0699999999999994,6.85,6.94,6.25,6.39,1.0324,6.78,20200313,300241.SZ,338211.29
11,11.0,208869.78399999999,0.1200000000000001,6.78,6.9,6.42,6.56,1.8018,6.66,20200312,300241.SZ,309390.66
12,12.0,219668.484,-0.049999999999999815,6.66,6.94,6.64,6.71,-0.7452,6.71,20200311,300241.SZ,323721.29
13,13.0,187528.742,0.21999999999999972,6.71,6.75,6.16,6.38,3.3898,6.49,20200310,300241.SZ,288666.1
14,14.0,177222.768,-0.05999999999999961,6.49,6.73,6.38,6.38,-0.9159999999999999,6.55,20200309,300241.SZ,268962.93
15,15.0,198618.198,0.20000000000000015,6.55,6.75,6.2,6.26,3.1496,6.35,20200306,300241.SZ,306323.75
16,16.0,127925.32,0.15999999999999925,6.35,6.42,6.2,6.29,2.5848,6.19,20200305,300241.SZ,202734.89
17,17.0,86056.24,0.020000000000000462,6.19,6.26,6.05,6.05,0.3241,6.17,20200304,300241.SZ,139977.55
18,18.0,131738.851,0.009999999999999787,6.17,6.35,6.05,6.25,0.1623,6.16,20200303,300241.SZ,211028.9
19,19.0,133603.051,0.16999999999999993,6.16,6.21,5.9,6.0,2.8381,5.99,20200302,300241.SZ,219566.17
20,20.0,230808.64899999998,-0.6699999999999999,5.99,6.44,5.99,6.32,-10.0601,6.66,20200228,300241.SZ,375175.63
21,21.0,186866.982,-0.16999999999999993,6.66,6.87,6.55,6.71,-2.489,6.83,20200227,300241.SZ,278542.3
22,22.0,343134.62,0.0,6.83,7.25,6.64,6.76,0.0,6.83,20200226,300241.SZ,490144.52
23,23.0,321295.793,-0.2400000000000002,6.83,6.99,6.45,6.88,-3.3946,7.07,20200225,300241.SZ,471403.04
24,24.0,378980.36100000003,-0.0699999999999994,7.07,7.33,6.86,6.88,-0.9804,7.14,20200224,300241.SZ,535742.73
25,25.0,525760.286,-0.16000000000000014,7.14,7.42,7.02,7.42,-2.1918,7.3,20200221,300241.SZ,730871.41
26,26.0,333785.189,0.6600000000000001,7.3,7.3,6.51,6.58,9.9398,6.64,20200220,300241.SZ,479675.5
27,27.0,261500.21600000001,-0.2400000000000002,6.64,6.9,6.63,6.85,-3.4884,6.88,20200219,300241.SZ,388564.28
28,28.0,371604.75899999996,0.2699999999999996,6.88,6.95,6.51,6.6,4.0847,6.61,20200218,300241.SZ,553158.13
29,29.0,225826.21399999998,0.3200000000000003,6.61,6.68,6.3,6.32,5.0874,6.29,20200217,300241.SZ,347711.24
30,30.0,143373.966,0.1900000000000004,6.29,6.33,6.04,6.04,3.1148,6.1,20200214,300241.SZ,230342.94
31,31.0,123034.73800000001,-0.020000000000000462,6.1,6.29,6.04,6.04,-0.3268,6.12,20200213,300241.SZ,199961.98
32,32.0,153308.72400000002,0.08999999999999986,6.12,6.14,5.88,6.06,1.4925,6.03,20200212,300241.SZ,255313.51
33,33.0,128832.67599999999,0.22000000000000064,6.03,6.05,5.73,5.8,3.7866,5.81,20200211,300241.SZ,218609.79
34,34.0,77255.549,0.049999999999999815,5.81,5.9,5.63,5.75,0.8681,5.76,20200210,300241.SZ,133423.12
35,35.0,112738.31300000001,0.009999999999999787,5.76,5.8,5.58,5.76,0.1739,5.75,20200207,300241.SZ,197977.62
36,36.0,102912.52900000001,0.1900000000000004,5.75,5.75,5.46,5.58,3.4173,5.56,20200206,300241.SZ,181493.57
37,37.0,95781.337,0.040000000000000036,5.56,5.75,5.53,5.55,0.7246,5.52,20200205,300241.SZ,169791.49
38,38.0,135702.02599999998,-0.21000000000000085,5.52,5.79,5.16,5.16,-3.6649,5.73,20200204,300241.SZ,246821.81
39,39.0,4820.076,-0.6399999999999997,5.73,5.73,5.73,5.73,-10.0471,6.37,20200203,300241.SZ,8412.0
40,40.0,165988.417,-0.2699999999999996,6.37,6.67,6.28,6.4,-4.0663,6.64,20200123,300241.SZ,257879.96
41,41.0,112767.323,0.14999999999999947,6.64,6.65,6.3,6.45,2.3112,6.49,20200122,300241.SZ,173837.73
42,42.0,90125.135,-0.17999999999999972,6.49,6.67,6.49,6.66,-2.6987,6.67,20200121,300241.SZ,137281.5
43,43.0,114769.51199999999,0.16000000000000014,6.67,6.73,6.42,6.5,2.4578,6.51,20200120,300241.SZ,173891.94
44,44.0,104739.416,-0.1299999999999999,6.51,6.68,6.44,6.67,-1.9578,6.64,20200117,300241.SZ,159694.9
45,45.0,94416.70199999999,-0.07000000000000027,6.64,6.78,6.63,6.73,-1.0432,6.71,20200116,300241.SZ,141007.61
46,46.0,128120.089,-0.040000000000000036,6.71,6.77,6.58,6.73,-0.5926,6.75,20200115,300241.SZ,192071.95
47,47.0,122761.83,-0.1299999999999999,6.75,6.94,6.73,6.89,-1.8895,6.88,20200114,300241.SZ,180257.9
48,48.0,141457.32,0.09999999999999963,6.88,6.92,6.68,6.8,1.4749,6.78,20200113,300241.SZ,206824.42
49,49.0,227429.671,-0.2399999999999993,6.78,7.02,6.64,6.97,-3.4188,7.02,20200110,300241.SZ,334128.91
50,50.0,210197.11399999997,0.07999999999999917,7.02,7.1,6.87,7.0,1.1527,6.94,20200109,300241.SZ,300964.39
51,51.0,283033.922,-0.16999999999999993,6.94,7.27,6.86,7.0,-2.391,7.11,20200108,300241.SZ,403713.59
52,52.0,206530.115,-0.0699999999999994,7.11,7.25,7.0,7.25,-0.9749,7.18,20200107,300241.SZ,291334.64
53,53.0,251117.612,0.1200000000000001,7.18,7.29,6.85,6.91,1.6997,7.06,20200106,300241.SZ,352710.07
54,54.0,253041.78399999999,0.1899999999999995,7.06,7.19,6.91,6.92,2.7656,6.87,20200103,300241.SZ,358417.2
55,55.0,189407.301,0.21999999999999972,6.87,6.93,6.64,6.69,3.3083,6.65,20200102,300241.SZ,277066.27
56,56.0,106018.772,0.020000000000000462,6.65,6.75,6.55,6.67,0.3017,6.63,20191231,300241.SZ,159703.04
57,57.0,159081.635,-0.03000000000000025,6.63,6.67,6.38,6.56,-0.4505,6.66,20191230,300241.SZ,242690.17
58,58.0,224187.93,-0.21,6.66,7.06,6.63,6.97,-3.0568,6.87,20191227,300241.SZ,326527.63
59,59.0,189151.80899999998,0.049999999999999815,6.87,6.98,6.77,6.8,0.7331,6.82,20191226,300241.SZ,275314.63
60,60.0,229130.28399999999,0.08999999999999986,6.82,6.91,6.63,6.68,1.3373,6.73,20191225,300241.SZ,337265.5
61,61.0,201674.021,0.040000000000000036,6.73,6.79,6.55,6.78,0.5979,6.69,20191224,300241.SZ,302389.63
62,62.0,297934.837,-0.5699999999999994,6.69,7.05,6.62,6.99,-7.8512,7.26,20191223,300241.SZ,435344.86
63,63.0,379877.04,0.01999999999999957,7.26,7.59,7.25,7.4,0.2762,7.24,20191220,300241.SZ,512142.47
64,64.0,536555.948,-0.6799999999999997,7.24,7.74,7.24,7.65,-8.5859,7.92,20191219,300241.SZ,719471.93
65,65.0,607844.071,0.1299999999999999,7.92,8.26,7.71,7.83,1.6688,7.79,20191218,300241.SZ,766751.6
66,66.0,768480.406,0.23000000000000045,7.79,8.21,7.66,8.2,3.0423,7.56,20191217,300241.SZ,969630.48
67,67.0,499328.855,0.6899999999999995,7.56,7.56,6.91,6.96,10.0437,6.87,20191216,300241.SZ,673913.57
68,68.0,179754.53,0.020000000000000462,6.87,7.05,6.76,6.92,0.292,6.85,20191213,300241.SZ,261124.55
69,69.0,267974.053,0.040000000000000036,6.85,7.15,6.65,6.87,0.5874,6.81,20191212,300241.SZ,386939.17
70,70.0,290907.54600000003,-0.10000000000000052,6.81,7.22,6.8,6.82,-1.4472,6.91,20191211,300241.SZ,417809.73
71,71.0,318593.67600000004,0.1299999999999999,6.91,7.08,6.61,6.77,1.9174,6.78,20191210,300241.SZ,466855.98
72,72.0,271980.667,0.14000000000000054,6.78,6.85,6.56,6.66,2.1084,6.64,20191209,300241.SZ,406264.63
73,73.0,209740.642,-0.08000000000000007,6.64,6.71,6.53,6.65,-1.1905,6.72,20191206,300241.SZ,316635.47
74,74.0,297075.636,0.1299999999999999,6.72,6.72,6.51,6.58,1.9727,6.59,20191205,300241.SZ,448675.9
75,75.0,434508.06700000004,0.09999999999999963,6.59,6.73,6.41,6.5,1.5408,6.49,20191204,300241.SZ,661047.39
76,76.0,392998.45,0.5899999999999999,6.49,6.49,5.84,5.9,10.0,5.9,20191203,300241.SZ,620174.7
77,77.0,99717.03300000001,0.11000000000000032,5.9,5.97,5.72,5.82,1.8998,5.79,20191202,300241.SZ,169545.46
78,78.0,97193.606,0.2400000000000002,5.79,5.85,5.54,5.58,4.3243,5.55,20191129,300241.SZ,169168.04
79,79.0,34882.193,0.040000000000000036,5.55,5.63,5.47,5.47,0.726,5.51,20191128,300241.SZ,62686.4
80,80.0,31964.952999999998,0.01999999999999957,5.51,5.53,5.42,5.46,0.3643,5.49,20191127,300241.SZ,58214.39
81,81.0,28088.615,-0.01999999999999957,5.49,5.57,5.45,5.51,-0.363,5.51,20191126,300241.SZ,51150.0
82,82.0,51875.52099999999,-0.15000000000000036,5.51,5.67,5.45,5.63,-2.6502,5.66,20191125,300241.SZ,94084.36
83,83.0,73791.70599999999,0.009999999999999787,5.66,5.78,5.52,5.64,0.177,5.65,20191122,300241.SZ,130318.78
84,84.0,63606.015,-0.029999999999999364,5.65,5.75,5.61,5.65,-0.5282,5.68,20191121,300241.SZ,111982.23
85,85.0,61670.374,-0.15000000000000036,5.68,5.83,5.64,5.82,-2.5729,5.83,20191120,300241.SZ,107844.0
86,86.0,72922.786,0.13999999999999968,5.83,5.85,5.65,5.69,2.4605,5.69,20191119,300241.SZ,126110.65
87,87.0,62404.96599999999,-0.029999999999999364,5.69,5.79,5.64,5.76,-0.5245,5.72,20191118,300241.SZ,109575.36
88,88.0,91170.159,-0.23000000000000045,5.72,5.94,5.71,5.92,-3.8655,5.95,20191115,300241.SZ,157055.86
89,89.0,157151.545,0.1299999999999999,5.95,6.04,5.71,5.75,2.2337,5.82,20191114,300241.SZ,266821.82
90,90.0,162673.91,0.39000000000000057,5.82,5.85,5.37,5.43,7.1823,5.43,20191113,300241.SZ,286085.86
91,91.0,42829.442,-0.05000000000000071,5.43,5.54,5.3,5.53,-0.9124,5.48,20191112,300241.SZ,79331.22
92,92.0,50620.721,-0.14999999999999947,5.48,5.66,5.42,5.66,-2.6643,5.63,20191111,300241.SZ,91483.5
93,93.0,63148.684,-0.11000000000000032,5.63,5.81,5.62,5.81,-1.9164,5.74,20191108,300241.SZ,110877.82
94,94.0,47098.65900000001,-0.01999999999999957,5.74,5.79,5.69,5.73,-0.3472,5.76,20191107,300241.SZ,82170.06
95,95.0,65616.728,-0.08000000000000007,5.76,5.85,5.68,5.85,-1.3699,5.84,20191106,300241.SZ,114213.89
96,96.0,126403.146,0.2400000000000002,5.84,5.85,5.58,5.63,4.2857,5.6,20191105,300241.SZ,218788.45
97,97.0,123101.135,0.16999999999999993,5.6,5.8,5.42,5.51,3.1308,5.43,20191104,300241.SZ,217507.13
98,98.0,61004.217000000004,0.1999999999999993,5.43,5.45,5.2,5.22,3.8241,5.23,20191101,300241.SZ,113566.8
99,99.0,58153.579000000005,-0.17999999999999972,5.23,5.45,5.21,5.43,-3.3272,5.41,20191031,300241.SZ,109438.1
100,100.0,57536.697,-0.14999999999999947,5.41,5.54,5.41,5.5,-2.6978,5.56,20191030,300241.SZ,105224.22
101,101.0,69691.537,-0.20000000000000015,5.56,5.79,5.55,5.76,-3.4722,5.76,20191029,300241.SZ,123973.6
102,102.0,61401.8,0.10999999999999943,5.76,5.78,5.64,5.66,1.9469,5.65,20191028,300241.SZ,107064.63
103,103.0,77304.854,0.13000000000000078,5.65,5.7,5.46,5.55,2.3551,5.52,20191025,300241.SZ,138210.42
104,104.0,42604.217000000004,-0.08000000000000007,5.52,5.63,5.46,5.6,-1.4286,5.6,20191024,300241.SZ,77062.03
105,105.0,52826.46599999999,0.040000000000000036,5.6,5.65,5.53,5.57,0.7194,5.56,20191023,300241.SZ,94369.55
106,106.0,73414.984,-0.03000000000000025,5.56,5.65,5.45,5.58,-0.5367,5.59,20191022,300241.SZ,132201.93
107,107.0,54236.084,-0.049999999999999815,5.59,5.65,5.44,5.63,-0.8865,5.64,20191021,300241.SZ,98270.15
108,108.0,61197.773,-0.08000000000000007,5.64,5.82,5.6,5.73,-1.3986,5.72,20191018,300241.SZ,107106.94
109,109.0,53061.872,-0.0600000000000005,5.72,5.82,5.68,5.75,-1.0381,5.78,20191017,300241.SZ,92126.05
110,110.0,73168.74799999999,-0.16000000000000014,5.78,5.96,5.75,5.94,-2.6936,5.94,20191016,300241.SZ,125443.18
111,111.0,83596.988,-0.1299999999999999,5.94,6.02,5.86,6.01,-2.1417,6.07,20191015,300241.SZ,141374.56
112,112.0,94766.071,0.08999999999999986,6.07,6.12,6.0,6.02,1.505,5.98,20191014,300241.SZ,156324.27
113,113.0,110302.55099999999,0.10000000000000052,5.98,6.03,5.81,5.91,1.7007,5.88,20191011,300241.SZ,186375.47
114,114.0,79624.077,0.040000000000000036,5.88,5.9,5.81,5.88,0.6849,5.84,20191010,300241.SZ,135808.45
115,115.0,77644.561,0.03000000000000025,5.84,5.87,5.72,5.82,0.5164,5.81,20191009,300241.SZ,133821.08
116,116.0,99157.01,-0.1200000000000001,5.81,6.07,5.8,5.97,-2.0236,5.93,20191008,300241.SZ,168093.0
117,117.0,121776.638,-0.21,5.93,6.15,5.86,6.14,-3.4202,6.14,20190930,300241.SZ,203385.02
118,118.0,141261.656,0.21,6.14,6.2,5.93,6.0,3.5413,5.93,20190927,300241.SZ,231617.21
119,119.0,167476.907,-0.3799999999999999,5.93,6.38,5.89,6.3,-6.0222,6.31,20190926,300241.SZ,276781.86
120,120.0,116421.696,-0.23000000000000045,6.31,6.61,6.26,6.6,-3.5168,6.54,20190925,300241.SZ,182413.78
121,121.0,87577.302,-0.03000000000000025,6.54,6.69,6.51,6.54,-0.4566,6.57,20190924,300241.SZ,132843.76
122,122.0,145672.604,-0.1899999999999995,6.57,6.63,6.39,6.6,-2.8107,6.76,20190923,300241.SZ,223825.1
123,123.0,179189.326,-0.29000000000000004,6.76,7.04,6.76,6.95,-4.1135,7.05,20190920,300241.SZ,260796.94
124,124.0,135294.09699999998,0.1899999999999995,7.05,7.05,6.78,6.87,2.7697,6.86,20190919,300241.SZ,194308.18
125,125.0,91498.835,-0.01999999999999957,6.86,7.02,6.83,6.92,-0.2907,6.88,20190918,300241.SZ,132539.92
126,126.0,141003.967,-0.2700000000000005,6.88,7.15,6.77,7.15,-3.7762,7.15,20190917,300241.SZ,203845.26
127,127.0,118931.86,-0.01999999999999957,7.15,7.21,7.1,7.15,-0.2789,7.17,20190916,300241.SZ,166427.03
128,128.0,147734.939,0.13999999999999968,7.17,7.21,7.01,7.08,1.9915,7.03,20190912,300241.SZ,207561.3
129,129.0,201373.883,-0.20000000000000015,7.03,7.36,7.01,7.25,-2.7663,7.23,20190911,300241.SZ,282387.46
130,130.0,188712.90899999999,-0.10999999999999943,7.23,7.33,7.15,7.24,-1.4986,7.34,20190910,300241.SZ,261243.88
131,131.0,337213.445,0.33999999999999986,7.34,7.46,7.06,7.11,4.8571,7.0,20190909,300241.SZ,464706.75
132,132.0,197302.17,-0.08000000000000007,7.0,7.24,6.86,7.06,-1.1299,7.08,20190906,300241.SZ,279622.12
133,133.0,220694.14399999997,0.009999999999999787,7.08,7.16,6.98,7.04,0.1414,7.07,20190905,300241.SZ,311669.45
134,134.0,270515.929,0.3100000000000005,7.07,7.13,6.7,6.75,4.5858,6.76,20190904,300241.SZ,389352.79
135,135.0,223984.05,-0.03000000000000025,6.76,6.94,6.68,6.75,-0.4418,6.79,20190903,300241.SZ,329829.26
136,136.0,206552.452,0.33999999999999986,6.79,6.82,6.3,6.4,5.2713,6.45,20190902,300241.SZ,313498.87
137,137.0,241314.318,-0.22999999999999954,6.45,6.88,6.32,6.69,-3.4431,6.68,20190830,300241.SZ,368914.46
138,138.0,171433.13100000002,-0.1900000000000004,6.68,6.97,6.65,6.88,-2.7656,6.87,20190829,300241.SZ,252534.23
139,139.0,152161.719,0.1299999999999999,6.87,6.93,6.68,6.71,1.9288,6.74,20190828,300241.SZ,223760.25
140,140.0,196754.695,-0.01999999999999957,6.74,6.94,6.71,6.8,-0.2959,6.76,20190827,300241.SZ,289104.68
141,141.0,212856.25,-0.23000000000000045,6.76,6.83,6.66,6.72,-3.2904,6.99,20190826,300241.SZ,315618.34
142,142.0,489745.20200000005,-0.7799999999999994,6.99,7.71,6.99,7.69,-10.0386,7.77,20190823,300241.SZ,679380.71
143,143.0,276525.79,-0.040000000000000036,7.77,7.92,7.63,7.81,-0.5122,7.81,20190822,300241.SZ,357322.51
144,144.0,450168.961,-0.3899999999999997,7.81,8.12,7.76,8.12,-4.7561,8.2,20190821,300241.SZ,570661.01
145,145.0,525104.038,-0.3500000000000014,8.2,8.48,8.06,8.33,-4.0936,8.55,20190820,300241.SZ,635423.05
146,146.0,415577.05100000004,0.2400000000000002,8.55,8.8,8.2,8.45,2.8881,8.31,20190819,300241.SZ,488672.25
147,147.0,458957.929,-0.2699999999999996,8.31,8.96,8.25,8.96,-3.1469,8.58,20190816,300241.SZ,538536.67
148,148.0,413095.39200000005,0.7800000000000002,8.58,8.58,7.48,7.59,10.0,7.8,20190815,300241.SZ,511156.16
149,149.0,307450.482,-0.14000000000000054,7.8,8.25,7.66,8.06,-1.7632,7.94,20190814,300241.SZ,384758.44
150,150.0,349676.49799999996,0.16000000000000014,7.94,8.08,7.66,7.97,2.0566,7.78,20190813,300241.SZ,441910.51
151,151.0,276469.841,0.71,7.78,7.78,6.97,7.15,10.0424,7.07,20190812,300241.SZ,369293.13
152,152.0,238261.655,-0.5899999999999999,7.07,7.78,7.02,7.62,-7.7023,7.66,20190809,300241.SZ,324573.12
153,153.0,231412.53600000002,-0.040000000000000036,7.66,7.8,7.38,7.46,-0.5195,7.7,20190808,300241.SZ,304968.62
154,154.0,357318.39700000006,0.049999999999999815,7.7,8.28,7.63,7.85,0.6536,7.65,20190807,300241.SZ,452197.12
155,155.0,359176.765,0.2600000000000007,7.65,7.91,6.83,7.27,3.5183,7.39,20190806,300241.SZ,486144.65
156,156.0,387965.41,0.21999999999999972,7.39,7.89,7.21,7.26,3.0683,7.17,20190805,300241.SZ,515647.18
157,157.0,228068.94100000002,-0.1900000000000004,7.17,7.31,6.95,7.12,-2.5815,7.36,20190802,300241.SZ,319535.74
158,158.0,209119.19600000003,0.16000000000000014,7.36,7.55,7.16,7.35,2.2222,7.2,20190801,300241.SZ,285174.84
159,159.0,242176.85600000003,0.009999999999999787,7.2,7.68,7.13,7.26,0.1391,7.19,20190731,300241.SZ,329639.72
160,160.0,360810.11100000003,-0.0699999999999994,7.19,7.46,7.06,7.06,-0.9642,7.26,20190730,300241.SZ,497266.07
161,161.0,462428.133,0.6299999999999999,7.26,7.29,6.71,6.71,9.5023,6.63,20190729,300241.SZ,639374.84
162,162.0,173272.349,0.049999999999999815,6.63,6.9,6.61,6.62,0.7599,6.58,20190726,300241.SZ,258050.5
163,163.0,149567.25699999998,-0.040000000000000036,6.58,6.7,6.52,6.61,-0.6042,6.62,20190725,300241.SZ,226509.2
164,164.0,225423.568,0.29000000000000004,6.62,6.69,6.33,6.33,4.5814,6.33,20190724,300241.SZ,345542.76
165,165.0,194632.069,0.3300000000000001,6.33,6.6,5.96,5.96,5.5,6.0,20190723,300241.SZ,304588.5
166,166.0,65324.378,-0.2400000000000002,6.0,6.32,5.96,6.28,-3.8462,6.24,20190722,300241.SZ,107400.88
167,167.0,65330.39,-0.040000000000000036,6.24,6.37,6.21,6.23,-0.6369,6.28,20190719,300241.SZ,104182.4
168,168.0,96448.302,-0.1200000000000001,6.28,6.38,6.18,6.3,-1.875,6.4,20190718,300241.SZ,153862.1
169,169.0,246597.384,0.15000000000000036,6.4,6.6,6.14,6.21,2.4,6.25,20190717,300241.SZ,385375.97
170,170.0,186394.66199999998,-0.15000000000000036,6.25,6.31,6.1,6.23,-2.3438,6.4,20190716,300241.SZ,301350.96
171,171.0,206030.44,0.10000000000000052,6.4,6.45,6.11,6.17,1.5873,6.3,20190715,300241.SZ,326766.68
172,172.0,214266.78399999999,0.21,6.3,6.4,5.97,6.0,3.4483,6.09,20190712,300241.SZ,342189.38
173,173.0,153861.786,0.1200000000000001,6.09,6.25,6.05,6.11,2.0101,5.97,20190711,300241.SZ,250862.42
174,174.0,89905.406,0.14999999999999947,5.97,6.05,5.73,5.84,2.5773,5.82,20190710,300241.SZ,151980.86
175,175.0,38993.346,-0.009999999999999787,5.82,5.89,5.77,5.89,-0.1715,5.83,20190709,300241.SZ,67237.46
176,176.0,75470.122,-0.2699999999999996,5.83,6.09,5.76,6.08,-4.4262,6.1,20190708,300241.SZ,128274.33
177,177.0,51574.053,0.0699999999999994,6.1,6.15,6.01,6.04,1.1609,6.03,20190705,300241.SZ,84641.95
178,178.0,44151.640999999996,-0.040000000000000036,6.03,6.12,5.98,6.1,-0.659,6.07,20190704,300241.SZ,73250.83
179,179.0,56082.742,-0.1299999999999999,6.07,6.15,6.02,6.15,-2.0968,6.2,20190703,300241.SZ,92347.05
180,180.0,98005.19900000001,-0.049999999999999815,6.2,6.4,6.12,6.22,-0.8,6.25,20190702,300241.SZ,157415.65
181,181.0,156974.052,0.3099999999999996,6.25,6.33,6.01,6.1,5.2189,5.94,20190701,300241.SZ,253140.9
182,182.0,64121.144,-0.1899999999999995,5.94,6.11,5.9,6.1,-3.0995,6.13,20190628,300241.SZ,107504.65
183,183.0,87268.62400000001,0.22999999999999954,6.13,6.2,5.93,5.94,3.8983,5.9,20190627,300241.SZ,143866.79
184,184.0,50133.597,-0.08999999999999986,5.9,6.03,5.87,5.96,-1.5025,5.99,20190626,300241.SZ,84322.81
185,185.0,74109.85,-0.1296999999999997,5.9897,6.1693,5.9198,6.1494,-2.1195,6.1194,20190625,300241.SZ,123209.82
186,186.0,96970.46800000001,-0.11980000000000054,6.1194,6.2692,6.0296,6.1893,-1.9201,6.2392,20190624,300241.SZ,157590.99
187,187.0,90982.216,0.1097999999999999,6.2392,6.359,6.1693,6.2292,1.7914,6.1294,20190621,300241.SZ,145288.97
188,188.0,75158.286,0.11980000000000054,6.1294,6.1793,5.9397,5.9897,1.9935,6.0096,20190620,300241.SZ,123098.55
189,189.0,73337.644,0.18959999999999955,6.0096,6.1194,5.9797,5.9897,3.2577,5.82,20190619,300241.SZ,121324.17
190,190.0,47730.622,-0.08979999999999944,5.82,5.9697,5.8,5.9397,-1.5195,5.9098,20190618,300241.SZ,81114.5
191,191.0,71482.201,-0.12980000000000036,5.9098,6.0695,5.8898,5.9897,-2.1491,6.0396,20190617,300241.SZ,119534.81
192,192.0,110731.856,-0.19960000000000025,6.0396,6.3091,6.0296,6.1993,-3.1991,6.2392,20190614,300241.SZ,178996.96
193,193.0,228599.984,0.1097999999999999,6.2392,6.5687,5.9897,6.1893,1.7914,6.1294,20190613,300241.SZ,362499.35
194,194.0,147319.363,0.059900000000000723,6.1294,6.4489,6.1194,6.2891,0.9869,6.0695,20190612,300241.SZ,235098.18
195,195.0,77846.519,0.2494999999999994,6.0695,6.0995,5.8,5.8299,4.2869,5.82,20190611,300241.SZ,129816.45
196,196.0,35281.483,0.059899999999999835,5.82,5.9298,5.6602,5.8,1.0399,5.7601,20190610,300241.SZ,60507.83
197,197.0,55050.855,-0.2195999999999998,5.7601,5.9897,5.7101,5.9797,-3.6724,5.9797,20190606,300241.SZ,94269.89
198,198.0,44061.748,-0.009999999999999787,5.9797,6.0795,5.8798,6.0595,-0.16699999999999998,5.9897,20190605,300241.SZ,73250.0
199,199.0,44046.615999999995,-0.08980000000000032,5.9897,6.1095,5.9198,6.0895,-1.4771,6.0795,20190604,300241.SZ,72894.15
200,200.0,89164.43800000001,-0.2096,6.0795,6.349,5.9996,6.2093,-3.3328,6.2891,20190603,300241.SZ,145108.53
201,201.0,133511.609,-0.1997,6.2891,6.5387,6.2392,6.5387,-3.0776,6.4888,20190531,300241.SZ,208987.59
202,202.0,174464.503,0.23960000000000026,6.4888,6.5886,6.1394,6.3291,3.8341,6.2492,20190530,300241.SZ,274302.76
203,203.0,77785.043,0.0799000000000003,6.2492,6.4189,6.1394,6.1394,1.2951,6.1693,20190529,300241.SZ,123765.3
204,204.0,96217.521,-0.049999999999999815,6.1693,6.4688,6.1095,6.3191,-0.8039,6.2193,20190528,300241.SZ,152822.73
205,205.0,88290.7,0.32949999999999946,6.2193,6.2492,5.8299,5.8998,5.5944,5.8898,20190527,300241.SZ,144594.44
206,206.0,96776.11300000001,-0.12979999999999947,5.8898,6.1394,5.6502,5.9996,-2.1563,6.0196,20190524,300241.SZ,164199.19
207,207.0,74066.516,-0.1897000000000002,6.0196,6.3191,6.0096,6.1893,-3.0551,6.2093,20190523,300241.SZ,120019.4
208,208.0,115554.29,-0.03990000000000027,6.2093,6.3291,6.0895,6.0995,-0.6385,6.2492,20190522,300241.SZ,185847.17
209,209.0,276056.467,-0.5390999999999995,6.2492,6.4389,6.1095,6.4389,-7.9416,6.7883,20190521,300241.SZ,446250.79
210,210.0,326916.793,0.35939999999999994,6.7883,7.0678,6.6984,6.7384,5.5904,6.4289,20190520,300241.SZ,468522.81
211,211.0,86771.849,-0.4892000000000003,6.4289,7.1377,6.359,6.9479999999999995,-7.0713,6.9181,20190517,300241.SZ,129125.71
212,212.0,90337.776,0.0,6.9181,7.0478,6.7783,6.928,0.0,6.9181,20190516,300241.SZ,130570.78
213,213.0,79418.04,0.2295999999999996,6.9181,7.0378,6.7184,6.7384,3.4328,6.6885,20190515,300241.SZ,115484.49
214,214.0,61287.873,-0.03989999999999938,6.6885,6.8981,6.6286,6.7783,-0.593,6.7284,20190514,300241.SZ,90459.28
215,215.0,75324.02799999999,-0.1797000000000004,6.7284,6.8981,6.6585,6.7384,-2.6013,6.9081,20190513,300241.SZ,111015.08
216,216.0,136617.693,0.6189999999999998,6.9081,6.9181,6.3191,6.4389,9.8424,6.2891,20190510,300241.SZ,204166.09
217,217.0,103359.616,-0.3094999999999999,6.2891,6.6485,6.2891,6.5687,-4.6904,6.5986,20190509,300241.SZ,160467.37
218,218.0,91046.93800000001,0.010000000000000677,6.5986,6.9081,6.349,6.4988,0.1518,6.5886,20190508,300241.SZ,136985.2
219,219.0,135651.333,-0.44920000000000027,6.5886,7.0678,6.3391,6.7184,-6.3827,7.0378,20190507,300241.SZ,202372.39
220,220.0,108966.362,-0.7786999999999997,7.0378,7.4372,7.0378,7.4372,-9.9623,7.8165,20190506,300241.SZ,153276.75
221,221.0,71745.539,0.23959999999999934,7.8165,7.9662,7.4871,7.6967,3.1622,7.5769,20190430,300241.SZ,91799.43
222,222.0,116664.591,-0.03000000000000025,7.5769,8.0361,7.3872,7.7366,-0.3944,7.6069,20190429,300241.SZ,150420.34
223,223.0,177081.16100000002,-0.6188999999999991,7.6069,8.1459,7.4072,8.1459,-7.5239,8.2258,20190426,300241.SZ,228034.51
224,224.0,151883.74599999998,-0.2595000000000009,8.2258,8.665,8.0461,8.5353,-3.0582,8.4853,20190425,300241.SZ,180928.03
225,225.0,157569.141,0.4791000000000008,8.4853,8.5353,7.9263,8.0361,5.9841,8.0062,20190424,300241.SZ,189485.51
226,226.0,119153.998,0.0,8.0062,8.086,7.7366,7.9463,0.0,8.0062,20190423,300241.SZ,150397.31
227,227.0,169259.509,-0.15970000000000084,8.0062,8.4654,7.8964,8.2058,-1.9557,8.1659,20190422,300241.SZ,206863.94
228,228.0,272980.526,0.4892000000000003,8.1659,8.3256,7.547000000000001,7.6168,6.3725,7.6767,20190419,300241.SZ,339259.32
229,229.0,221290.43300000002,-0.2196999999999996,7.6767,7.8365,7.4871,7.6668,-2.7823,7.8964,20190418,300241.SZ,289331.89
230,230.0,338186.335,0.609,7.8964,8.0162,7.1976,7.2774,8.3569,7.2874,20190417,300241.SZ,427502.41
231,231.0,63604.707,0.1396999999999995,7.2874,7.3373,6.9879,7.1177,1.9545,7.1477,20190416,300241.SZ,88295.84
232,232.0,58980.367999999995,0.06990000000000053,7.1477,7.3074,7.1277,7.1976,0.9876,7.0778,20190415,300241.SZ,81703.84
233,233.0,78696.731,-0.1097999999999999,7.0778,7.3473,7.0179,7.1876,-1.5276,7.1876,20190412,300241.SZ,109125.67
234,234.0,95046.102,0.01999999999999957,7.1876,7.3872,7.1077,7.2675,0.27899999999999997,7.1676,20190411,300241.SZ,131357.66
235,235.0,113335.896,-0.20969999999999975,7.1676,7.4372,7.0977,7.3174,-2.8425,7.3773,20190410,300241.SZ,156111.06
236,236.0,132500.703,0.1097999999999999,7.3773,7.4471,7.1077,7.2076,1.5108,7.2675,20190409,300241.SZ,181298.92
237,237.0,236724.782,-0.4192,7.2675,7.7566,7.1377,7.6867,-5.4536,7.6867,20190408,300241.SZ,320175.37
238,238.0,223398.55,-0.09989999999999988,7.6867,8.086,7.5869,7.7866,-1.2830000000000001,7.7866,20190404,300241.SZ,287157.96
239,239.0,309478.077,0.4992000000000001,7.7866,7.9363,7.1876,7.2475,6.8502,7.2874,20190403,300241.SZ,410069.58
240,240.0,319130.80100000004,0.049900000000000055,7.2874,7.5769,7.1876,7.2175,0.6895,7.2375,20190402,300241.SZ,432315.81
241,241.0,371153.025,0.35939999999999994,7.2375,7.3872,6.8781,6.968,5.2253,6.8781,20190401,300241.SZ,515421.39
242,242.0,227923.14399999997,0.059899999999999835,6.8781,7.0179,6.6785,6.6785,0.8785,6.8182,20190329,300241.SZ,331624.96
243,243.0,411504.86100000003,-0.4791999999999996,6.8182,7.2974,6.6984,7.0977,-6.5667,7.2974,20190328,300241.SZ,587188.02
244,244.0,600579.173,0.25959999999999983,7.2974,7.5869,6.968,7.2375,3.6887,7.0378,20190327,300241.SZ,827330.91
245,245.0,713750.6440000001,-0.6889000000000003,7.0378,8.1659,6.957999999999999,8.1659,-8.9158,7.7267,20190326,300241.SZ,955981.92
246,246.0,34016.796,0.6988000000000003,7.7267,7.7267,7.7267,7.7267,9.9432,7.0279,20190325,300241.SZ,43949.35
247,247.0,95558.862,0.6388999999999996,7.0279,7.0279,7.0279,7.0279,10.0,6.388999999999999,20190322,300241.SZ,135737.02
248,248.0,222992.33399999997,0.2995000000000001,6.388999999999999,6.4688,5.9996,6.0296,4.9183,6.0895,20190321,300241.SZ,358904.88
249,249.0,118950.21699999999,0.06990000000000053,6.0895,6.1394,5.7301,5.9897,1.1612,6.0196,20190320,300241.SZ,199059.23
250,250.0,81740.185,-0.1098000000000008,6.0196,6.1793,5.9597,6.0995,-1.7914,6.1294,20190319,300241.SZ,134345.6
251,251.0,107834.20599999999,0.12980000000000036,6.1294,6.2392,5.9198,6.0096,2.1635,5.9996,20190318,300241.SZ,176630.91
252,252.0,130886.181,0.14970000000000014,5.9996,6.1394,5.79,5.8898,2.559,5.8499,20190315,300241.SZ,219564.65
253,253.0,109305.94,-0.2795000000000005,5.8499,6.1294,5.5903,6.0895,-4.56,6.1294,20190314,300241.SZ,186854.25
254,254.0,128995.776,-0.14979999999999993,6.1294,6.349,6.0895,6.2792,-2.3857,6.2792,20190313,300241.SZ,207230.16
255,255.0,240728.194,0.09990000000000077,6.2792,6.5088,6.0995,6.3191,1.6167,6.1793,20190312,300241.SZ,383334.17
256,256.0,245540.81399999998,0.3693,6.1793,6.3391,5.9397,5.9497,6.3563,5.81,20190311,300241.SZ,400357.03
257,257.0,292499.582,-0.07980000000000054,5.81,6.2193,5.6003,5.7002,-1.3549,5.8898,20190308,300241.SZ,490078.62
258,258.0,254130.517,0.23960000000000026,5.8898,6.1394,5.5804,5.6203,4.2406,5.6502,20190307,300241.SZ,437577.19
259,259.0,189851.23100000003,-0.040000000000000036,5.6502,5.82,5.5005,5.78,-0.703,5.6902,20190306,300241.SZ,336738.88
260,260.0,174040.229,0.3094999999999999,5.6902,5.7201,5.3807,5.3807,5.752000000000001,5.3807,20190305,300241.SZ,312804.36
261,261.0,149771.111,0.0799000000000003,5.3807,5.5305,5.3208,5.3208,1.5073,5.3008,20190304,300241.SZ,274677.56
262,262.0,104408.476,-0.0799000000000003,5.3008,5.3807,5.221,5.3408,-1.4849,5.3807,20190301,300241.SZ,197584.62
263,263.0,114363.90400000001,0.0,5.3807,5.4805,5.2809,5.3807,0.0,5.3807,20190228,300241.SZ,212752.44
264,264.0,146106.538,-0.12980000000000036,5.3807,5.5804,5.3208,5.4805,-2.3555,5.5105,20190227,300241.SZ,266189.46
265,265.0,247466.526,-0.1896999999999993,5.5105,5.7301,5.4007,5.6203,-3.3280000000000003,5.7002,20190226,300241.SZ,446491.32
266,266.0,415256.898,0.1997,5.7002,5.8299,5.3607,5.3907,3.6306,5.5005,20190225,300241.SZ,738231.36
267,267.0,346505.55799999996,0.4990999999999994,5.5005,5.5005,5.0513,5.2410000000000005,9.9792,5.0014,20190222,300241.SZ,638920.16
268,268.0,161799.256,0.059900000000000723,5.0014,5.2709,4.8816,4.9315,1.2122,4.9415,20190221,300241.SZ,316920.55
269,269.0,124554.603,-0.06980000000000075,4.9415,5.0812,4.8716,5.0113,-1.3929,5.0113,20190220,300241.SZ,250402.23
270,270.0,302114.184,0.13970000000000038,5.0113,5.3607,4.9415,5.0413,2.8676,4.8716,20190219,300241.SZ,585705.2
271,271.0,156505.999,0.25959999999999983,4.8716,4.9315,4.5821,4.5921,5.6288,4.612,20190218,300241.SZ,326675.21
272,272.0,83611.387,0.059899999999999835,4.612,4.7119,4.5222,4.5422,1.3159,4.5521,20190215,300241.SZ,179811.61
273,273.0,49953.322,-0.040000000000000036,4.5521,4.6419999999999995,4.5222,4.6419999999999995,-0.8711,4.5921,20190214,300241.SZ,109034.51
274,274.0,95220.287,0.14979999999999993,4.5921,4.7318,4.4423,4.4723,3.3721,4.4423,20190213,300241.SZ,207307.29
275,275.0,47661.195999999996,0.13970000000000038,4.4423,4.4823,4.2826,4.3126,3.2469,4.3026,20190212,300241.SZ,107534.93
276,276.0,45131.363,0.12980000000000036,4.3026,4.3225,4.1728,4.1728,3.1106,4.1728,20190211,300241.SZ,105991.16
277,277.0,29900.565,0.06989999999999963,4.1728,4.2227,4.1129,4.1528,1.7037,4.1029,20190201,300241.SZ,71511.73
278,278.0,44658.698,-0.1897000000000002,4.1029,4.3325,4.083,4.2027,-4.4192,4.2926,20190131,300241.SZ,106926.58
279,279.0,21897.856,-0.11979999999999967,4.2926,4.4024,4.2726,4.3225,-2.7151,4.4124,20190130,300241.SZ,50360.65
280,280.0,40644.748,-0.029900000000000482,4.4124,4.4124,4.0929,4.3824,-0.6731,4.4423,20190129,300241.SZ,94536.63
281,281.0,80420.55900000001,-0.23959999999999934,4.4423,4.7019,4.2427,4.6819,-5.1176,4.6819,20190128,300241.SZ,178035.93
282,282.0,54322.307,0.029899999999999594,4.6819,4.7917,4.612,4.6419999999999995,0.6427,4.652,20190125,300241.SZ,115620.76
283,283.0,30071.793999999998,0.040000000000000036,4.652,4.6819,4.5821,4.612,0.8673,4.612,20190124,300241.SZ,64640.33
284,284.0,25378.191000000003,-0.059899999999999835,4.612,4.7019,4.5921,4.652,-1.2821,4.6719,20190123,300241.SZ,54586.86
285,285.0,29533.79,0.0,4.6719,4.7119,4.612,4.6819,0.0,4.6719,20190122,300241.SZ,63276.41
286,286.0,50718.137,0.0,4.6719,4.7318,4.5821,4.6919,0.0,4.6719,20190121,300241.SZ,108463.4
287,287.0,47982.879,-0.040000000000000036,4.6719,4.7518,4.6021,4.7119,-0.8489,4.7119,20190118,300241.SZ,102613.87
288,288.0,33798.502,-0.15969999999999995,4.7119,4.8816,4.7119,4.8716,-3.2782,4.8716,20190117,300241.SZ,70445.0
289,289.0,54546.483,-0.13970000000000038,4.8716,5.0513,4.8516,5.0213,-2.7877,5.0113,20190116,300241.SZ,110826.93
290,290.0,51575.89599999999,0.01990000000000069,5.0113,5.0213,4.9115,5.0014,0.3987,4.9914,20190115,300241.SZ,103428.39
291,291.0,70293.92599999999,-0.2795000000000005,4.9914,5.221,4.9315,5.221,-5.3027,5.2709,20190114,300241.SZ,138944.32
292,292.0,96833.17,0.11980000000000054,5.2709,5.3008,5.0213,5.0912,2.3257,5.1511,20190111,300241.SZ,186622.23
293,293.0,103608.20800000001,0.3094999999999999,5.1511,5.2410000000000005,4.8317,4.8516,6.3925,4.8416,20190110,300241.SZ,205177.68
294,294.0,41396.564,0.1296999999999997,4.8416,4.9015,4.7019,4.7218,2.7526,4.7119,20190109,300241.SZ,85959.75
295,295.0,17460.471999999998,-0.00990000000000002,4.7119,4.7218,4.6719,4.6719,-0.2097,4.7218,20190108,300241.SZ,37091.61
296,296.0,32180.418999999998,0.059800000000000075,4.7218,4.7518,4.662,4.7019,1.2827,4.662,20190107,300241.SZ,68269.28
297,297.0,26978.167999999998,0.06989999999999963,4.662,4.7019,4.5022,4.5322,1.5222,4.5921,20190104,300241.SZ,58107.26
298,298.0,16855.443,-0.01989999999999981,4.5921,4.6919,4.5821,4.5921,-0.4315,4.612,20190103,300241.SZ,36338.41
299,299.0,18655.961,0.0,4.612,4.632,4.4922,4.612,0.0,4.612,20190102,300241.SZ,40697.74
300,300.0,40473.653,-0.13980000000000015,4.612,4.7518,4.4922,4.7119,-2.9419999999999997,4.7518,20181228,300241.SZ,87736.44
301,301.0,20195.433999999997,-0.06989999999999963,4.7518,4.8916,4.7019,4.8716,-1.4497,4.8217,20181227,300241.SZ,42018.0
302,302.0,19063.638,-0.01989999999999981,4.8217,4.9015,4.7718,4.8716,-0.41100000000000003,4.8416,20181226,300241.SZ,39457.44
303,303.0,29061.245,-0.03000000000000025,4.8416,4.8716,4.6021,4.8117,-0.6158,4.8716,20181225,300241.SZ,60940.12
304,304.0,36007.831,0.0799000000000003,4.8716,4.8816,4.7418,4.8117,1.6675,4.7917,20181224,300241.SZ,74749.35
305,305.0,12062.569,-0.040000000000000036,4.7917,4.8416,4.7418,4.8017,-0.8279,4.8317,20181221,300241.SZ,25122.51
306,306.0,17414.542,-0.049900000000000055,4.8317,4.8716,4.7418,4.7917,-1.0222,4.8816,20181220,300241.SZ,36047.0
307,307.0,26943.816000000003,-0.01990000000000069,4.8816,4.9215,4.6919,4.9215,-0.406,4.9015,20181219,300241.SZ,55892.09
308,308.0,24635.964,0.00990000000000002,4.9015,4.9015,4.7817,4.8516,0.2024,4.8916,20181218,300241.SZ,50602.88
309,309.0,20370.308,-0.029899999999999594,4.8916,4.9315,4.7718,4.8816,-0.6075,4.9215,20181217,300241.SZ,41914.6
310,310.0,34435.545,-0.0799000000000003,4.9215,4.9914,4.8816,4.9914,-1.5976,5.0014,20181214,300241.SZ,69819.97
311,311.0,53336.75,-0.03989999999999938,5.0014,5.0812,4.9015,5.0113,-0.7915,5.0413,20181213,300241.SZ,106555.82
312,312.0,47839.890999999996,0.09980000000000012,5.0413,5.0912,4.8916,5.0113,2.0196,4.9415,20181212,300241.SZ,95970.0
313,313.0,28987.025,0.07989999999999943,4.9415,4.9814,4.8616,4.8916,1.6435,4.8616,20181211,300241.SZ,58757.55
314,314.0,33377.059,-0.049900000000000055,4.8616,4.9215,4.7817,4.8916,-1.016,4.9115,20181210,300241.SZ,68540.87
315,315.0,26532.456000000002,0.029900000000000482,4.9115,4.9515,4.8516,4.9015,0.6125,4.8816,20181207,300241.SZ,54066.54
316,316.0,48437.746,-0.19960000000000025,4.8816,5.0613,4.8317,5.0613,-3.9282,5.0812,20181206,300241.SZ,97933.17
317,317.0,33195.105,-0.1097999999999999,5.0812,5.1411,5.0513,5.0912,-2.1152,5.191,20181205,300241.SZ,65063.49
318,318.0,33504.696,0.01989999999999981,5.191,5.2709,5.1112,5.231,0.3848,5.1711,20181204,300241.SZ,64551.4
319,319.0,104003.86300000001,0.2995000000000001,5.1711,5.3008,4.9914,5.0812,6.1479,4.8716,20181203,300241.SZ,201863.74
320,320.0,41491.851,-0.06989999999999963,4.8716,4.9315,4.7119,4.8716,-1.4146,4.9415,20181130,300241.SZ,85524.44
321,321.0,89054.341,-0.1797000000000004,4.9415,5.2010000000000005,4.8317,5.1311,-3.5089,5.1212,20181129,300241.SZ,178228.91
322,322.0,72072.151,-0.11979999999999967,5.1212,5.2410000000000005,5.0113,5.221,-2.2858,5.2410000000000005,20181128,300241.SZ,140413.02
323,323.0,60879.732,0.09989999999999988,5.2410000000000005,5.2410000000000005,5.0613,5.1711,1.9432,5.1411,20181127,300241.SZ,118030.43
324,324.0,46852.645,-0.040000000000000036,5.1411,5.2709,5.0712,5.1411,-0.772,5.1811,20181126,300241.SZ,90541.06
325,325.0,64480.569,-0.44920000000000027,5.1811,5.6303,5.1711,5.5704,-7.9783,5.6303,20181123,300241.SZ,120858.07
326,326.0,64262.003,0.16969999999999974,5.6303,5.7501,5.4606,5.5305,3.1077,5.4606,20181122,300241.SZ,115090.26
327,327.0,56523.477999999996,-0.1396999999999995,5.4606,5.6003,5.3408,5.5604,-2.4945,5.6003,20181121,300241.SZ,103638.98
328,328.0,35383.647000000004,-0.16969999999999974,5.6003,5.8499,5.5903,5.7401,-2.9411,5.77,20181120,300241.SZ,62149.56
329,329.0,32539.252,0.0,5.77,5.8699,5.7101,5.7201,0.0,5.77,20181119,300241.SZ,56144.51
330,330.0,47139.758,0.1396999999999995,5.77,5.8798,5.6303,5.6303,2.4812,5.6303,20181116,300241.SZ,81908.28
331,331.0,35813.516,0.03000000000000025,5.6303,5.6702,5.5404,5.5903,0.5357,5.6003,20181115,300241.SZ,63669.82
