,Unnamed: 0,Unnamed: 0.1,amount,change,close,high,low,open,pct_chg,pre_close,trade_date,ts_code,vol
0,,,26399.198,0.0,3.22,3.25,3.17,3.2,0.0,3.22,20200410,601228.SH,82213.96
1,,,18388.09,0.0,3.22,3.25,3.19,3.22,0.0,3.22,20200409,601228.SH,57091.25
2,,,14999.275,-0.029999999999999805,3.22,3.26,3.21,3.25,-0.9231,3.25,20200408,601228.SH,46523.0
3,,,25740.057,0.029999999999999805,3.25,3.28,3.22,3.23,0.9317,3.22,20200407,601228.SH,79230.21
0,0.0,,17031.763,-0.009999999999999787,3.22,3.25,3.17,3.22,-0.3096,3.23,20200403,601228.SH,53161.5
1,1.0,,23359.362999999998,0.040000000000000036,3.23,3.24,3.16,3.18,1.2539,3.19,20200402,601228.SH,72771.52
2,2.0,,17239.978,0.020000000000000014,3.19,3.21,3.15,3.15,0.6309,3.17,20200401,601228.SH,54183.37
3,3.0,,23442.592999999997,0.029999999999999805,3.17,3.22,3.15,3.15,0.9554,3.14,20200331,601228.SH,73707.22
4,4.0,,17956.125,-0.009999999999999787,3.14,3.18,3.08,3.17,-0.3175,3.15,20200330,601228.SH,57634.0
5,0.0,0.0,17579.703,0.009999999999999787,3.15,3.19,3.15,3.17,0.3185,3.14,20200327,601228.SH,55421.0
6,1.0,1.0,18251.092,-0.06000000000000005,3.14,3.21,3.14,3.19,-1.875,3.2,20200326,601228.SH,57539.51
7,2.0,2.0,26454.269,0.05000000000000026,3.2,3.23,3.17,3.2,1.5873,3.15,20200325,601228.SH,82651.89
8,3.0,3.0,17903.078,0.040000000000000036,3.15,3.18,3.12,3.16,1.2862,3.11,20200324,601228.SH,56746.0
9,4.0,4.0,21863.58,-0.10000000000000007,3.11,3.16,3.11,3.15,-3.1153,3.21,20200323,601228.SH,69770.02
10,5.0,5.0,18717.191000000006,0.02000000000000001,3.21,3.23,3.17,3.23,0.627,3.19,20200320,601228.SH,58581.0
11,6.0,6.0,26384.874,-0.03000000000000025,3.19,3.24,3.14,3.19,-0.9317,3.22,20200319,601228.SH,82959.01
12,7.0,7.0,41663.765,0.0,3.22,3.36,3.2,3.23,0.0,3.22,20200318,601228.SH,127372.61
13,8.0,8.0,31658.141,-0.009999999999999787,3.22,3.27,3.13,3.21,-0.3096,3.23,20200317,601228.SH,98913.0
14,9.0,9.0,29491.027,-0.08000000000000007,3.23,3.36,3.22,3.36,-2.4169,3.31,20200316,601228.SH,89854.52
15,10.0,10.0,40065.126,-0.049999999999999815,3.31,3.35,3.19,3.22,-1.4881,3.36,20200313,601228.SH,122509.42
16,11.0,11.0,28532.373,-0.05000000000000026,3.36,3.39,3.35,3.35,-1.4663,3.41,20200312,601228.SH,84778.71
17,12.0,12.0,50903.407,0.02000000000000001,3.41,3.5,3.37,3.4,0.59,3.39,20200311,601228.SH,147917.92
18,13.0,13.0,37972.357,0.040000000000000036,3.39,3.41,3.28,3.3,1.194,3.35,20200310,601228.SH,112986.88
19,14.0,14.0,40145.643,-0.08999999999999986,3.35,3.44,3.35,3.41,-2.6163,3.44,20200309,601228.SH,118602.42
20,15.0,15.0,35703.869,-0.06999999999999984,3.44,3.48,3.44,3.47,-1.9943,3.51,20200306,601228.SH,103391.71
21,16.0,16.0,63646.63200000001,0.01999999999999957,3.51,3.52,3.46,3.5,0.5731,3.49,20200305,601228.SH,182678.07
22,17.0,17.0,89300.00099999997,-0.029999999999999805,3.49,3.57,3.41,3.43,-0.8523,3.52,20200304,601228.SH,256836.29
23,18.0,18.0,142177.199,0.21,3.52,3.64,3.31,3.33,6.3444,3.31,20200303,601228.SH,405386.19
24,19.0,19.0,30938.137,0.08000000000000007,3.31,3.31,3.21,3.22,2.4768,3.23,20200302,601228.SH,94171.14
25,20.0,20.0,47537.394,-0.14000000000000012,3.23,3.32,3.22,3.32,-4.1543,3.37,20200228,601228.SH,145435.0
26,21.0,21.0,27012.814,0.0,3.37,3.41,3.35,3.36,0.0,3.37,20200227,601228.SH,79921.0
27,22.0,22.0,50669.31,0.02000000000000001,3.37,3.39,3.27,3.32,0.597,3.35,20200226,601228.SH,151065.32
28,23.0,23.0,43210.285999999986,-0.049999999999999815,3.35,3.37,3.29,3.37,-1.4706,3.4,20200225,601228.SH,129530.0
29,24.0,24.0,41308.485,-0.06000000000000005,3.4,3.45,3.38,3.45,-1.7341,3.46,20200224,601228.SH,121440.0
30,25.0,25.0,37741.108,0.009999999999999787,3.46,3.47,3.43,3.45,0.2899,3.45,20200221,601228.SH,109439.58
31,26.0,26.0,43277.046,0.05000000000000026,3.45,3.45,3.38,3.38,1.4706,3.4,20200220,601228.SH,126346.81
32,27.0,27.0,28954.08,0.009999999999999787,3.4,3.41,3.37,3.38,0.295,3.39,20200219,601228.SH,85352.77
33,28.0,28.0,35761.803,0.010000000000000231,3.39,3.4,3.36,3.37,0.2959,3.38,20200218,601228.SH,105870.0
34,29.0,29.0,41352.592,0.08000000000000007,3.38,3.38,3.3,3.3,2.4242,3.3,20200217,601228.SH,123792.49
35,30.0,30.0,15401.678,0.0,3.3,3.32,3.28,3.28,0.0,3.3,20200214,601228.SH,46686.4
36,31.0,31.0,22625.502,-0.040000000000000036,3.3,3.34,3.3,3.32,-1.1976,3.34,20200213,601228.SH,68143.0
37,32.0,32.0,21267.182,0.0,3.34,3.35,3.31,3.35,0.0,3.34,20200212,601228.SH,63901.0
38,33.0,33.0,29887.018,0.029999999999999805,3.34,3.37,3.3,3.32,0.9063,3.31,20200211,601228.SH,89556.06
39,34.0,34.0,28792.844,0.02000000000000001,3.31,3.33,3.25,3.27,0.6079,3.29,20200210,601228.SH,87345.06
40,35.0,35.0,27390.121,-0.02000000000000001,3.29,3.3,3.26,3.29,-0.6042,3.31,20200207,601228.SH,83600.06
41,36.0,36.0,44381.654,-0.009999999999999787,3.31,3.33,3.25,3.32,-0.3012,3.32,20200206,601228.SH,134971.77
42,37.0,37.0,27519.707,0.029999999999999805,3.32,3.37,3.26,3.26,0.9119,3.29,20200205,601228.SH,82670.0
43,38.0,38.0,53816.175,-0.08000000000000007,3.29,3.37,3.03,3.03,-2.3739,3.37,20200204,601228.SH,164878.38
44,39.0,39.0,13464.835,-0.3700000000000001,3.37,3.37,3.37,3.37,-9.893,3.74,20200203,601228.SH,39955.0
45,40.0,40.0,37581.75700000001,-0.07999999999999963,3.74,3.81,3.71,3.81,-2.0942,3.82,20200123,601228.SH,100173.11
46,41.0,41.0,19597.532,0.02000000000000001,3.82,3.83,3.75,3.8,0.5263,3.8,20200122,601228.SH,51772.05
47,42.0,42.0,20316.579,-0.05000000000000026,3.8,3.86,3.8,3.84,-1.2987,3.85,20200121,601228.SH,53263.8
48,43.0,43.0,20349.714,0.0,3.85,3.86,3.82,3.85,0.0,3.85,20200120,601228.SH,52949.58
49,44.0,44.0,15844.22,-0.009999999999999787,3.85,3.89,3.84,3.86,-0.2591,3.86,20200117,601228.SH,41051.0
50,45.0,45.0,23680.353,0.009999999999999787,3.86,3.89,3.84,3.88,0.2597,3.85,20200116,601228.SH,61324.0
51,46.0,46.0,16165.643999999998,-0.040000000000000036,3.85,3.88,3.85,3.87,-1.0283,3.89,20200115,601228.SH,41885.85
52,47.0,47.0,19672.106,-0.009999999999999787,3.89,3.92,3.88,3.91,-0.2564,3.9,20200114,601228.SH,50527.0
53,48.0,48.0,26063.645,0.02000000000000001,3.9,3.9,3.85,3.88,0.5155,3.88,20200113,601228.SH,67186.09
54,49.0,49.0,30117.403,0.009999999999999787,3.88,3.9,3.86,3.88,0.2584,3.87,20200110,601228.SH,77596.67
55,50.0,50.0,20410.224,0.03000000000000025,3.87,3.88,3.85,3.86,0.7813,3.84,20200109,601228.SH,52825.0
56,51.0,51.0,28384.504,-0.05000000000000026,3.84,3.88,3.83,3.88,-1.2853,3.89,20200108,601228.SH,73645.0
57,52.0,52.0,26098.324,0.03000000000000025,3.89,3.89,3.86,3.86,0.7772,3.86,20200107,601228.SH,67302.51
58,53.0,53.0,31890.801,-0.010000000000000231,3.86,3.89,3.84,3.84,-0.2584,3.87,20200106,601228.SH,82533.84
59,54.0,54.0,31483.578,-0.02000000000000001,3.87,3.89,3.85,3.88,-0.5141,3.89,20200103,601228.SH,81424.0
60,55.0,55.0,40624.583,0.06000000000000005,3.89,3.89,3.84,3.85,1.5666,3.83,20200102,601228.SH,105021.0
61,56.0,56.0,19022.696,0.010000000000000231,3.83,3.83,3.79,3.81,0.2618,3.82,20191231,601228.SH,49807.0
62,57.0,57.0,25449.685,0.009999999999999787,3.82,3.83,3.76,3.78,0.2625,3.81,20191230,601228.SH,66932.75
63,58.0,58.0,29798.996,0.02000000000000001,3.81,3.82,3.77,3.8,0.5277,3.79,20191227,601228.SH,78540.61
64,59.0,59.0,19271.583,0.010000000000000231,3.79,3.8,3.75,3.79,0.2646,3.78,20191226,601228.SH,50924.82
65,60.0,60.0,14459.358,-0.03000000000000025,3.78,3.8,3.77,3.8,-0.7874,3.81,20191225,601228.SH,38178.01
66,61.0,61.0,17231.035,0.02000000000000001,3.81,3.82,3.77,3.79,0.5277,3.79,20191224,601228.SH,45343.34
67,62.0,62.0,23184.491,-0.06999999999999984,3.79,3.85,3.79,3.85,-1.8135,3.86,20191223,601228.SH,60711.0
68,63.0,63.0,30910.6,-0.05000000000000026,3.86,3.92,3.85,3.92,-1.2788,3.91,20191220,601228.SH,79714.0
69,64.0,64.0,27917.738,-0.009999999999999787,3.91,3.92,3.88,3.9,-0.2551,3.92,20191219,601228.SH,71536.51
70,65.0,65.0,28965.744,0.009999999999999787,3.92,3.93,3.9,3.9,0.2558,3.91,20191218,601228.SH,74030.21
71,66.0,66.0,44386.018,0.02000000000000001,3.91,3.94,3.88,3.88,0.5141,3.89,20191217,601228.SH,113354.08
72,67.0,67.0,39794.878,0.02000000000000001,3.89,3.91,3.86,3.89,0.5168,3.87,20191216,601228.SH,102412.0
73,68.0,68.0,93793.676,0.05000000000000026,3.87,3.91,3.82,3.82,1.3089,3.82,20191213,601228.SH,242523.38
74,69.0,69.0,41146.503,0.029999999999999805,3.82,3.83,3.78,3.79,0.7916,3.79,20191212,601228.SH,108232.51
75,70.0,70.0,29906.305,-0.029999999999999805,3.79,3.84,3.79,3.83,-0.7853,3.82,20191211,601228.SH,78489.4
76,71.0,71.0,21023.958,-0.010000000000000231,3.82,3.83,3.79,3.81,-0.2611,3.83,20191210,601228.SH,55158.0
77,72.0,72.0,30180.857000000004,0.010000000000000231,3.83,3.84,3.79,3.83,0.2618,3.82,20191209,601228.SH,79164.0
78,73.0,73.0,18174.258,0.029999999999999805,3.82,3.82,3.77,3.79,0.7916,3.79,20191206,601228.SH,47820.89
79,74.0,74.0,17995.705,0.02000000000000001,3.79,3.81,3.77,3.77,0.5305,3.77,20191205,601228.SH,47446.15
80,75.0,75.0,13392.431,0.02000000000000001,3.77,3.78,3.74,3.75,0.5333,3.75,20191204,601228.SH,35592.59
81,76.0,76.0,12363.192,0.0,3.75,3.76,3.73,3.75,0.0,3.75,20191203,601228.SH,32992.0
82,77.0,77.0,14071.42,0.009999999999999787,3.75,3.76,3.72,3.73,0.2674,3.74,20191202,601228.SH,37542.79
83,78.0,78.0,6904.344,0.010000000000000231,3.74,3.76,3.73,3.73,0.2681,3.73,20191129,601228.SH,18456.01
84,79.0,79.0,7423.05,-0.02000000000000001,3.73,3.77,3.72,3.76,-0.5333,3.75,20191128,601228.SH,19842.0
85,80.0,80.0,11779.826,0.0,3.75,3.78,3.73,3.75,0.0,3.75,20191127,601228.SH,31390.0
86,81.0,81.0,10242.933,0.0,3.75,3.78,3.74,3.75,0.0,3.75,20191126,601228.SH,27294.93
87,82.0,82.0,16301.555,0.029999999999999805,3.75,3.76,3.69,3.72,0.8065,3.72,20191125,601228.SH,43648.05
88,83.0,83.0,15391.176,0.0,3.72,3.76,3.71,3.71,0.0,3.72,20191122,601228.SH,41219.76
89,84.0,84.0,9938.721,-0.02000000000000001,3.72,3.74,3.7,3.73,-0.5348,3.74,20191121,601228.SH,26693.0
90,85.0,85.0,9985.219,-0.039999999999999584,3.74,3.77,3.73,3.77,-1.0582,3.78,20191120,601228.SH,26604.0
91,86.0,86.0,10844.959,0.029999999999999805,3.78,3.78,3.73,3.75,0.8,3.75,20191119,601228.SH,28824.0
92,87.0,87.0,10321.738,0.009999999999999787,3.75,3.76,3.73,3.73,0.2674,3.74,20191118,601228.SH,27552.0
93,88.0,88.0,14798.622,0.0,3.74,3.8,3.72,3.74,0.0,3.74,20191115,601228.SH,39310.0
94,89.0,89.0,10548.954,-0.029999999999999805,3.74,3.77,3.74,3.77,-0.7958,3.77,20191114,601228.SH,28129.41
95,90.0,90.0,12909.471,0.0,3.77,3.82,3.76,3.81,0.0,3.77,20191113,601228.SH,34199.0
96,91.0,91.0,10633.942,0.010000000000000231,3.77,3.78,3.74,3.74,0.266,3.76,20191112,601228.SH,28273.2
97,92.0,92.0,15710.896,-0.05000000000000026,3.76,3.8,3.75,3.8,-1.3123,3.81,20191111,601228.SH,41694.27
98,93.0,93.0,13130.053,-0.009999999999999787,3.81,3.84,3.8,3.83,-0.2618,3.82,20191108,601228.SH,34367.0
99,94.0,94.0,8837.157,0.0,3.82,3.84,3.8,3.8,0.0,3.82,20191107,601228.SH,23165.0
100,95.0,95.0,11231.074,-0.010000000000000231,3.82,3.85,3.81,3.84,-0.2611,3.83,20191106,601228.SH,29390.86
101,96.0,96.0,15047.132,0.02000000000000001,3.83,3.85,3.8,3.82,0.5249,3.81,20191105,601228.SH,39372.0
102,97.0,97.0,13785.735,0.0,3.81,3.83,3.8,3.82,0.0,3.81,20191104,601228.SH,36165.0
103,98.0,98.0,15454.263,0.010000000000000231,3.81,3.82,3.78,3.79,0.2632,3.8,20191101,601228.SH,40653.0
104,99.0,99.0,12833.89,-0.02000000000000001,3.8,3.85,3.78,3.82,-0.5236,3.82,20191031,601228.SH,33614.15
105,100.0,100.0,12516.711,-0.040000000000000036,3.82,3.87,3.81,3.86,-1.0363,3.86,20191030,601228.SH,32633.0
106,101.0,101.0,15323.351,-0.06000000000000005,3.86,3.92,3.86,3.92,-1.5306,3.92,20191029,601228.SH,39478.0
107,102.0,102.0,24126.547,0.02000000000000001,3.92,3.92,3.86,3.88,0.5128,3.9,20191028,601228.SH,61879.2
108,103.0,103.0,26936.105,0.049999999999999815,3.9,3.94,3.83,3.86,1.2987,3.85,20191025,601228.SH,69455.2
109,104.0,104.0,9200.598,0.0,3.85,3.86,3.82,3.84,0.0,3.85,20191024,601228.SH,23952.0
110,105.0,105.0,11996.71,0.0,3.85,3.87,3.85,3.85,0.0,3.85,20191023,601228.SH,31095.18
111,106.0,106.0,14198.105,0.010000000000000231,3.85,3.87,3.84,3.84,0.2604,3.84,20191022,601228.SH,36833.0
112,107.0,107.0,17694.138,-0.010000000000000231,3.84,3.86,3.8,3.84,-0.2597,3.85,20191021,601228.SH,46327.04
113,108.0,108.0,30328.454,-0.08000000000000007,3.85,3.95,3.84,3.9,-2.0356,3.93,20191018,601228.SH,78181.13
114,109.0,109.0,28121.396,-0.029999999999999805,3.93,4.02,3.92,4.01,-0.7576,3.96,20191017,601228.SH,71033.2
115,110.0,110.0,61994.353,-0.11000000000000032,3.96,4.03,3.94,4.03,-2.7027,4.07,20191016,601228.SH,155987.9
116,111.0,111.0,111106.706,0.11000000000000032,4.07,4.15,3.93,3.93,2.7778,3.96,20191015,601228.SH,274848.1
117,112.0,112.0,42350.947,0.08000000000000007,3.96,4.02,3.92,3.92,2.0619,3.88,20191014,601228.SH,106368.35
118,113.0,113.0,21792.139,0.02000000000000001,3.88,3.89,3.85,3.87,0.5181,3.86,20191011,601228.SH,56275.0
119,114.0,114.0,10585.358,0.029999999999999805,3.86,3.86,3.82,3.84,0.7833,3.83,20191010,601228.SH,27495.0
120,115.0,115.0,9862.237,0.010000000000000231,3.83,3.84,3.78,3.82,0.2618,3.82,20191009,601228.SH,25879.71
121,116.0,116.0,9334.665,0.02000000000000001,3.82,3.84,3.8,3.8,0.5263,3.8,20191008,601228.SH,24441.21
122,117.0,117.0,11110.85,-0.010000000000000231,3.8,3.83,3.8,3.81,-0.2625,3.81,20190930,601228.SH,29109.87
123,118.0,118.0,14925.768,0.010000000000000231,3.81,3.83,3.8,3.83,0.2632,3.8,20190927,601228.SH,39162.93
124,119.0,119.0,14564.662,-0.040000000000000036,3.8,3.86,3.8,3.84,-1.0417,3.84,20190926,601228.SH,38081.0
125,120.0,120.0,16130.915,-0.05000000000000026,3.84,3.88,3.83,3.87,-1.2853,3.89,20190925,601228.SH,41922.0
126,121.0,121.0,13142.841,-0.009999999999999787,3.89,3.92,3.88,3.9,-0.2564,3.9,20190924,601228.SH,33708.39
127,122.0,122.0,15725.895,-0.02000000000000001,3.9,3.92,3.88,3.92,-0.5102,3.92,20190923,601228.SH,40421.03
128,123.0,123.0,16211.345,0.0,3.92,3.94,3.91,3.93,0.0,3.92,20190920,601228.SH,41293.0
129,124.0,124.0,17472.183,0.009999999999999787,3.92,3.94,3.88,3.92,0.2558,3.91,20190919,601228.SH,44745.69
130,125.0,125.0,12068.641,0.0,3.91,3.95,3.91,3.94,0.0,3.91,20190918,601228.SH,30789.36
131,126.0,126.0,24479.408,-0.08999999999999986,3.91,4.01,3.91,3.99,-2.25,4.0,20190917,601228.SH,61972.0
132,127.0,127.0,19677.704,-0.009999999999999787,4.0,4.04,3.99,4.01,-0.2494,4.01,20190916,601228.SH,49091.0
133,128.0,128.0,17436.08,0.029999999999999805,4.01,4.02,3.98,4.0,0.7538,3.98,20190912,601228.SH,43555.0
134,129.0,129.0,25239.444,-0.029999999999999805,3.98,4.02,3.98,3.99,-0.7481,4.01,20190911,601228.SH,63169.0
135,130.0,130.0,23751.781000000006,-0.009999999999999787,4.01,4.02,3.99,4.0,-0.2488,4.02,20190910,601228.SH,59338.0
136,131.0,131.0,37452.593,0.009999999999999787,4.02,4.07,3.98,4.05,0.2494,4.01,20190909,601228.SH,93443.39
137,132.0,132.0,56000.544,0.049999999999999815,4.01,4.06,3.95,3.96,1.2626,3.96,20190906,601228.SH,139403.16
138,133.0,133.0,51400.22,-0.010000000000000231,3.96,4.01,3.95,3.98,-0.2519,3.97,20190905,601228.SH,129154.89
139,134.0,134.0,45350.925,0.08000000000000007,3.97,4.05,3.9,3.93,2.0566,3.89,20190904,601228.SH,114462.82
140,135.0,135.0,23749.11,0.010000000000000231,3.89,3.92,3.86,3.87,0.2577,3.88,20190903,601228.SH,60985.0
141,136.0,136.0,27946.713,0.049999999999999815,3.88,3.9,3.79,3.85,1.3055,3.83,20190902,601228.SH,72348.27
142,137.0,137.0,29492.048,-0.009999999999999787,3.83,3.91,3.82,3.85,-0.2604,3.84,20190830,601228.SH,76300.38
143,138.0,138.0,16458.648999999998,-0.010000000000000231,3.84,3.86,3.82,3.86,-0.2597,3.85,20190829,601228.SH,42860.3
144,139.0,139.0,14486.25,0.0,3.85,3.87,3.82,3.85,0.0,3.85,20190828,601228.SH,37647.85
145,140.0,140.0,19047.736,0.05000000000000026,3.85,3.88,3.82,3.82,1.3158,3.8,20190827,601228.SH,49407.0
146,141.0,141.0,21524.938,-0.06000000000000005,3.8,3.82,3.75,3.78,-1.5544,3.86,20190826,601228.SH,56782.35
147,142.0,142.0,22162.163,-0.06000000000000005,3.86,3.91,3.85,3.9,-1.5306,3.92,20190823,601228.SH,57170.09
148,143.0,143.0,25972.972,-0.02000000000000001,3.92,3.96,3.89,3.94,-0.5076,3.94,20190822,601228.SH,66461.19
149,144.0,144.0,33956.856,0.02000000000000001,3.94,3.99,3.9,3.92,0.5102,3.92,20190821,601228.SH,85865.92
150,145.0,145.0,36514.966,0.0,3.92,3.98,3.9,3.92,0.0,3.92,20190820,601228.SH,92581.0
151,146.0,146.0,53095.366,0.16000000000000014,3.92,4.02,3.87,3.91,4.2553,3.76,20190819,601228.SH,135217.35
152,147.0,147.0,12345.694,0.0,3.76,3.79,3.75,3.78,0.0,3.76,20190816,601228.SH,32735.17
153,148.0,148.0,17666.978,-0.05000000000000026,3.76,3.78,3.71,3.73,-1.3123,3.81,20190815,601228.SH,47225.02
154,149.0,149.0,23327.994,0.0,3.81,3.87,3.8,3.83,0.0,3.81,20190814,601228.SH,60804.1
155,150.0,150.0,36187.301,0.08000000000000007,3.81,3.95,3.7,3.72,2.1448,3.73,20190813,601228.SH,94750.75
156,151.0,151.0,13877.752,0.040000000000000036,3.73,3.73,3.68,3.7,1.084,3.69,20190812,601228.SH,37400.85
157,152.0,152.0,13533.781,-0.03000000000000025,3.69,3.75,3.69,3.74,-0.8065,3.72,20190809,601228.SH,36480.5
158,153.0,153.0,13258.513,0.010000000000000231,3.72,3.75,3.71,3.75,0.2695,3.71,20190808,601228.SH,35588.26
159,154.0,154.0,19611.913,-0.06000000000000005,3.71,3.82,3.71,3.78,-1.5915,3.77,20190807,601228.SH,52329.5
160,155.0,155.0,40102.968,-0.1499999999999999,3.77,3.88,3.66,3.88,-3.8265,3.92,20190806,601228.SH,106370.97
161,156.0,156.0,18568.565,-0.03000000000000025,3.92,3.96,3.91,3.94,-0.7595,3.95,20190805,601228.SH,47215.13
162,157.0,157.0,33172.557,-0.08000000000000007,3.95,4.01,3.93,4.01,-1.9851,4.03,20190802,601228.SH,83867.22
163,158.0,158.0,17378.549,-0.009999999999999787,4.03,4.04,4.0,4.03,-0.2475,4.04,20190801,601228.SH,43262.89
164,159.0,159.0,15257.706,0.0,4.04,4.06,4.02,4.03,0.0,4.04,20190731,601228.SH,37767.16
165,160.0,160.0,19645.224,0.0,4.04,4.06,4.03,4.04,0.0,4.04,20190730,601228.SH,48525.0
166,161.0,161.0,19031.286,-0.01999999999999957,4.04,4.06,4.03,4.04,-0.4926,4.06,20190729,601228.SH,47103.93
167,162.0,162.0,28418.242,0.01999999999999957,4.06,4.06,4.01,4.04,0.495,4.04,20190726,601228.SH,70502.4
168,163.0,163.0,19606.334,0.009999999999999787,4.04,4.06,4.01,4.01,0.2481,4.03,20190725,601228.SH,48520.64
169,164.0,164.0,24884.839,0.020000000000000462,4.03,4.06,4.0,4.01,0.4988,4.01,20190724,601228.SH,61648.78
170,165.0,165.0,17386.295,0.01999999999999957,4.01,4.02,3.99,3.99,0.5013,3.99,20190723,601228.SH,43459.49
171,166.0,166.0,28679.117,-0.05999999999999961,3.99,4.05,3.98,4.04,-1.4815,4.05,20190722,601228.SH,71705.83
172,167.0,167.0,19255.966,0.03000000000000025,4.05,4.07,4.02,4.02,0.7463,4.02,20190719,601228.SH,47582.84
173,168.0,168.0,23562.136,-0.05000000000000071,4.02,4.06,4.02,4.05,-1.2285,4.07,20190718,601228.SH,58432.23
174,169.0,169.0,20593.145,-0.009999999999999787,4.07,4.08,4.05,4.06,-0.2451,4.08,20190717,601228.SH,50611.57
175,170.0,170.0,20944.212,0.009999999999999787,4.08,4.08,4.05,4.06,0.2457,4.07,20190716,601228.SH,51493.92
176,171.0,171.0,26190.659,0.010000000000000677,4.07,4.08,4.01,4.05,0.2463,4.06,20190715,601228.SH,64730.06
177,172.0,172.0,18251.74,0.0,4.06,4.09,4.04,4.05,0.0,4.06,20190712,601228.SH,44917.0
178,173.0,173.0,24043.815,0.0,4.06,4.1,4.04,4.06,0.0,4.06,20190711,601228.SH,59084.0
179,174.0,174.0,24674.652,-0.020000000000000462,4.06,4.1,4.03,4.09,-0.4902,4.08,20190710,601228.SH,60836.0
180,175.0,175.0,26662.1,-0.03000000000000025,4.08,4.1,4.06,4.06,-0.7299,4.11,20190709,601228.SH,65393.16
181,176.0,176.0,52982.558,-0.0699999999999994,4.11,4.22,4.06,4.19,-1.6746,4.18,20190708,601228.SH,128195.28
182,177.0,177.0,32729.764,0.029999999999999364,4.18,4.22,4.16,4.16,0.7229,4.15,20190705,601228.SH,78197.19
183,178.0,178.0,25930.966,0.010000000000000677,4.15,4.18,4.14,4.15,0.2415,4.14,20190704,601228.SH,62355.39
184,179.0,179.0,37870.012,-0.0600000000000005,4.14,4.2,4.11,4.18,-1.4286,4.2,20190703,601228.SH,91462.8
185,180.0,180.0,33557.479,-0.03000000000000025,4.2,4.22,4.18,4.22,-0.7092,4.23,20190702,601228.SH,80022.43
186,181.0,181.0,67884.241,0.05000000000000071,4.23,4.29,4.2,4.22,1.1962,4.18,20190701,601228.SH,160557.65
187,182.0,182.0,72673.943,0.0699999999999994,4.18,4.22,4.05,4.09,1.7032,4.11,20190628,601228.SH,174891.44
188,183.0,183.0,20616.428,0.010000000000000677,4.11,4.14,4.1,4.12,0.2439,4.1,20190627,601228.SH,50123.63
189,184.0,184.0,16915.961,0.0,4.1015,4.1114,4.0817,4.0817,0.0,4.1015,20190626,601228.SH,40960.0
190,185.0,185.0,29071.145,-0.02980000000000072,4.1015,4.1412,4.0419,4.1214,-0.7213,4.1313,20190625,601228.SH,70500.44
191,186.0,186.0,25580.498,-0.029799999999999827,4.1313,4.171,4.1214,4.1611,-0.7162,4.1611,20190624,601228.SH,61344.14
192,187.0,187.0,43439.49,0.03969999999999985,4.1611,4.171,4.1214,4.1412,0.9633,4.1214,20190621,601228.SH,103912.96
193,188.0,188.0,46371.779,0.02980000000000072,4.1214,4.1412,4.0419,4.0717,0.7283,4.0916,20190620,601228.SH,112315.34
194,189.0,189.0,46064.621,0.07949999999999946,4.0916,4.1214,4.0519,4.0717,1.9815,4.0121,20190619,601228.SH,112132.99
195,190.0,190.0,19262.46,-0.009999999999999787,4.0121,4.0221,3.9923,4.0121,-0.2486,4.0221,20190618,601228.SH,47716.69
196,191.0,191.0,22936.163,0.0,4.0221,4.0419,3.9923,4.0221,0.0,4.0221,20190617,601228.SH,56708.88
197,192.0,192.0,33542.009,-0.04959999999999986,4.0221,4.0817,4.0121,4.0618,-1.2182,4.0717,20190614,601228.SH,82351.64
198,193.0,193.0,28065.007,-0.009999999999999787,4.0717,4.0817,4.0419,4.0717,-0.245,4.0817,20190613,601228.SH,68602.3
199,194.0,194.0,23841.321,-0.029700000000000063,4.0817,4.1114,4.0618,4.1015,-0.7224,4.1114,20190612,601228.SH,57935.92
200,195.0,195.0,34854.154,0.0992999999999995,4.1114,4.1114,4.0022,4.0221,2.475,4.0121,20190611,601228.SH,84971.77
201,196.0,196.0,16086.413,0.01980000000000004,4.0121,4.0221,3.9923,4.0022,0.496,3.9923,20190610,601228.SH,39850.32
202,197.0,197.0,31057.593,-0.08939999999999948,3.9923,4.0916,3.9823,4.0817,-2.1903,4.0817,20190606,601228.SH,76724.0
203,198.0,198.0,24632.122000000007,-0.00990000000000002,4.0817,4.1412,4.0817,4.1313,-0.242,4.0916,20190605,601228.SH,59691.87
204,199.0,199.0,34359.042,-0.02980000000000072,4.0916,4.1611,4.0717,4.1214,-0.7231,4.1214,20190604,601228.SH,83112.8
205,200.0,200.0,28436.975,0.01990000000000069,4.1214,4.1611,4.0916,4.1015,0.4852,4.1015,20190603,601228.SH,68582.81
206,201.0,201.0,22532.685,-0.01990000000000069,4.1015,4.1611,4.0916,4.1214,-0.4828,4.1214,20190531,601228.SH,54261.24
207,202.0,202.0,20351.895,0.0,4.1214,4.1412,4.0916,4.1015,0.0,4.1214,20190530,601228.SH,49105.93
208,203.0,203.0,20101.287,-0.01980000000000004,4.1214,4.1512,4.0916,4.1114,-0.4781,4.1412,20190529,601228.SH,48379.07
209,204.0,204.0,23141.944,-0.009999999999999787,4.1412,4.2008,4.1114,4.1512,-0.2409,4.1512,20190528,601228.SH,55267.11
210,205.0,205.0,22336.653,0.05960000000000053,4.1512,4.1512,4.0618,4.0916,1.4566,4.0916,20190527,601228.SH,53812.4
211,206.0,206.0,17802.102,0.0,4.0916,4.1313,4.0618,4.0618,0.0,4.0916,20190524,601228.SH,43170.8
212,207.0,207.0,20955.244,-0.04960000000000076,4.0916,4.1512,4.0817,4.1214,-1.1977,4.1412,20190523,601228.SH,50615.0
213,208.0,208.0,30184.953,-0.06959999999999944,4.1412,4.2108,4.1214,4.2108,-1.6529,4.2108,20190522,601228.SH,72080.04
214,209.0,209.0,34830.034,0.06959999999999944,4.2108,4.2406,4.1512,4.171,1.6807,4.1412,20190521,601228.SH,82310.0
215,210.0,210.0,38405.892,-0.07949999999999946,4.1412,4.2406,4.032,4.2406,-1.8836,4.2207,20190520,601228.SH,92476.72
216,211.0,211.0,68848.073,-0.04959999999999986,4.2207,4.3697,4.1909,4.2803,-1.1615,4.2703,20190517,601228.SH,159535.6
217,212.0,212.0,36810.024,0.00990000000000002,4.2703,4.2902,4.2306,4.2406,0.2324,4.2604,20190516,601228.SH,85683.84
218,213.0,213.0,44421.727,0.07939999999999969,4.2604,4.3101,4.2008,4.2207,1.8991,4.181,20190515,601228.SH,103646.28
219,214.0,214.0,28149.693,-0.04959999999999986,4.181,4.2505,4.1313,4.171,-1.1724,4.2306,20190514,601228.SH,66594.58
220,215.0,215.0,30553.576,-0.03969999999999985,4.2306,4.2803,4.2008,4.2604,-0.9297,4.2703,20190513,601228.SH,71558.0
221,216.0,216.0,51154.324,0.07939999999999969,4.2703,4.2902,4.1214,4.2108,1.8946,4.1909,20190510,601228.SH,119661.0
222,217.0,217.0,37431.059,-0.0992999999999995,4.1909,4.2803,4.171,4.2803,-2.3146,4.2902,20190509,601228.SH,88226.7
223,218.0,218.0,36973.904,0.01989999999999981,4.2902,4.3001,4.1611,4.1909,0.466,4.2703,20190508,601228.SH,86347.37
224,219.0,219.0,41894.445,-0.010000000000000677,4.2703,4.3498,4.2306,4.2505,-0.2336,4.2803,20190507,601228.SH,97089.06
225,220.0,220.0,77257.445,-0.35749999999999993,4.2803,4.4888,4.2008,4.4193,-7.7084,4.6378,20190506,601228.SH,176783.75
226,221.0,221.0,38989.409,0.06950000000000056,4.6378,4.6775,4.5881,4.6080000000000005,1.5214,4.5683,20190430,601228.SH,83469.75
227,222.0,222.0,65241.297,-0.2084999999999999,4.5683,4.8066,4.5186,4.7768,-4.3648,4.7768,20190429,601228.SH,139818.26
228,223.0,223.0,54803.71599999999,-0.04970000000000052,4.7768,4.896,4.7669,4.7967,-1.0297,4.8265,20190426,601228.SH,113025.57
229,224.0,224.0,97493.076,-0.05959999999999965,4.8265,5.0549,4.7669,4.9457,-1.2198,4.8861,20190425,601228.SH,196044.93
230,225.0,225.0,48592.568,0.04969999999999963,4.8861,4.8861,4.8166,4.8463,1.0276,4.8364,20190424,601228.SH,99426.0
231,226.0,226.0,76642.989,-0.12909999999999933,4.8364,4.9854,4.7768,4.9655,-2.5999,4.9655,20190423,601228.SH,155594.68
232,227.0,227.0,77297.978,-0.10930000000000016,4.9655,5.0847,4.9556,5.0748,-2.1538,5.0748,20190422,601228.SH,153130.0
233,228.0,228.0,62555.601,0.01989999999999981,5.0748,5.0748,5.0152,5.0549,0.3937,5.0549,20190419,601228.SH,122995.85
234,229.0,229.0,85662.12,-0.05959999999999965,5.0549,5.1343,5.0251,5.1145,-1.1653,5.1145,20190418,601228.SH,167806.55
235,230.0,230.0,93619.969,-0.00990000000000002,5.1145,5.1343,5.0648,5.1343,-0.1932,5.1244,20190417,601228.SH,182194.26
236,231.0,231.0,102172.743,0.01980000000000004,5.1244,5.1244,5.0152,5.0648,0.3879,5.1046,20190416,601228.SH,199761.14
237,232.0,232.0,152301.167,0.06959999999999944,5.1046,5.184,5.0648,5.0648,1.3823,5.035,20190415,601228.SH,294630.79
238,233.0,233.0,68328.218,0.00990000000000002,5.035,5.0648,4.9754,5.0251,0.197,5.0251,20190412,601228.SH,135442.47
239,234.0,234.0,91448.44,-0.08939999999999948,5.0251,5.1641,5.0152,5.0946,-1.7480000000000002,5.1145,20190411,601228.SH,178783.01
240,235.0,235.0,91352.039,0.029799999999999827,5.1145,5.1145,5.0251,5.045,0.5861,5.0847,20190410,601228.SH,178754.43
241,236.0,236.0,94531.165,-0.029799999999999827,5.0847,5.1542,5.0251,5.1145,-0.5827,5.1145,20190409,601228.SH,184439.39
242,237.0,237.0,176414.453,-0.0993000000000004,5.1145,5.2237,5.0152,5.2138,-1.9046,5.2138,20190408,601228.SH,341328.85
243,238.0,238.0,213407.781,-0.04959999999999986,5.2138,5.3628,5.1641,5.323,-0.9424,5.2634,20190404,601228.SH,403952.65
244,239.0,239.0,272874.031,0.10919999999999952,5.2634,5.2833,5.0648,5.0946,2.1187,5.1542,20190403,601228.SH,519008.54
245,240.0,240.0,214452.823,-0.07949999999999946,5.1542,5.3528,5.1145,5.323,-1.519,5.2337,20190402,601228.SH,409929.55
246,241.0,241.0,283293.239,0.19869999999999965,5.2337,5.2535,5.0251,5.0549,3.9464,5.035,20190401,601228.SH,546016.41
247,242.0,242.0,206431.283,-0.04969999999999963,5.035,5.0946,4.8761,4.9754,-0.9774,5.0847,20190329,601228.SH,410970.37
248,243.0,243.0,358734.438,-0.01989999999999981,5.0847,5.3826,4.9854,5.0052,-0.3898,5.1046,20190328,601228.SH,689212.64
249,244.0,244.0,258054.351,0.14900000000000002,5.1046,5.1145,4.8861,4.9556,3.0067,4.9556,20190327,601228.SH,509350.85
250,245.0,245.0,189864.034,0.03969999999999985,4.9556,5.1641,4.7768,4.9159,0.8076,4.9159,20190326,601228.SH,379894.57
251,246.0,246.0,135310.801,-0.15890000000000004,4.9159,5.0052,4.9059,4.9655,-3.1312,5.0748,20190325,601228.SH,271211.0
252,247.0,247.0,237970.236,0.09940000000000017,5.0748,5.1641,4.8861,4.9655,1.9978,4.9754,20190322,601228.SH,467675.87
253,248.0,248.0,153062.134,0.00990000000000002,4.9754,5.0549,4.9457,4.9953,0.1994,4.9655,20190321,601228.SH,304324.44
254,249.0,249.0,126583.181,0.07939999999999969,4.9655,4.9655,4.8166,4.896,1.625,4.8861,20190320,601228.SH,256573.45
255,250.0,250.0,74428.818,-0.00990000000000002,4.8861,4.9457,4.8563,4.9457,-0.2022,4.896,20190319,601228.SH,150988.36
256,251.0,251.0,82620.33,0.06949999999999967,4.896,4.896,4.7669,4.8066,1.44,4.8265,20190318,601228.SH,168993.9
257,252.0,252.0,66310.735,0.05960000000000053,4.8265,4.8662,4.7768,4.7967,1.2503,4.7669,20190315,601228.SH,136614.25
258,253.0,253.0,85026.234,-0.05960000000000053,4.7669,4.8761,4.7172,4.8265,-1.2348,4.8265,20190314,601228.SH,176882.25
259,254.0,254.0,119197.08,-0.14889999999999934,4.8265,4.9556,4.7868,4.9556,-2.9927,4.9754,20190313,601228.SH,242649.58
260,255.0,255.0,156894.24,-0.010000000000000677,4.9754,5.0549,4.9159,5.0251,-0.2006,4.9854,20190312,601228.SH,312983.0
261,256.0,256.0,147839.029,0.16880000000000006,4.9854,5.1145,4.7768,4.7768,3.5045,4.8166,20190311,601228.SH,295275.98
262,257.0,257.0,227982.466,-0.3773,4.8166,5.0748,4.8066,5.0648,-7.2643,5.1939,20190308,601228.SH,456657.0
263,258.0,258.0,321758.576,0.1985999999999999,5.1939,5.2634,4.9159,5.0052,3.9757,4.9953,20190307,601228.SH,620426.14
264,259.0,259.0,240483.862,0.13900000000000026,4.9953,5.0549,4.8364,4.8761,2.8623,4.8563,20190306,601228.SH,482483.8
265,260.0,260.0,126866.065,0.01989999999999981,4.8563,4.8563,4.7768,4.7967,0.4115,4.8364,20190305,601228.SH,260880.49
266,261.0,261.0,164805.715,0.08940000000000037,4.8364,4.8662,4.7669,4.7967,1.8833,4.747,20190304,601228.SH,339404.17
267,262.0,262.0,90338.649,-0.029799999999999827,4.747,4.8463,4.7073,4.7768,-0.6238,4.7768,20190301,601228.SH,189214.99
268,263.0,263.0,158859.19199999998,0.0992999999999995,4.7768,4.8563,4.6874,4.6974,2.1229,4.6775,20190228,601228.SH,328916.33
269,264.0,264.0,132065.925,-0.05959999999999965,4.6775,4.7868,4.6279,4.7272,-1.2582,4.7371,20190227,601228.SH,277812.0
270,265.0,265.0,225111.672,-0.08940000000000037,4.7371,4.8662,4.7073,4.8265,-1.8523,4.8265,20190226,601228.SH,466183.7
271,266.0,266.0,246373.06,0.1391,4.8265,4.8463,4.6874,4.757,2.9675,4.6874,20190225,601228.SH,512645.46
272,267.0,267.0,132343.072,0.01980000000000004,4.6874,4.6974,4.5484,4.6577,0.4242,4.6676,20190222,601228.SH,284990.43
273,268.0,268.0,198427.726,-0.14900000000000002,4.6676,4.7669,4.5782,4.6676,-3.0935,4.8166,20190221,601228.SH,421942.02
274,269.0,269.0,428279.1,0.009999999999999787,4.8166,5.0648,4.7868,5.0648,0.208,4.8066,20190220,601228.SH,866198.58
275,270.0,270.0,176512.871,0.4369000000000005,4.8066,4.8066,4.5683,4.7669,9.9984,4.3697,20190219,601228.SH,366124.57
276,271.0,271.0,123508.4,0.08939999999999948,4.3697,4.4491,4.3001,4.4094,2.0886,4.2803,20190218,601228.SH,282039.87
277,272.0,272.0,74500.879,0.02980000000000072,4.2803,4.3001,4.2108,4.2207,0.7011,4.2505,20190215,601228.SH,173912.93
278,273.0,273.0,115156.662,0.0992999999999995,4.2505,4.3001,4.1412,4.1611,2.3921,4.1512,20190214,601228.SH,269657.13
279,274.0,274.0,72073.115,0.009999999999999787,4.1512,4.1611,4.0916,4.1015,0.2415,4.1412,20190213,601228.SH,173012.73
280,275.0,275.0,101086.48,0.11910000000000046,4.1412,4.2207,4.0022,4.0221,2.9611,4.0221,20190212,601228.SH,243644.08
281,276.0,276.0,29132.598,0.01989999999999981,4.0221,4.032,3.9724,4.0022,0.4972,4.0022,20190211,601228.SH,72216.2
282,277.0,277.0,28615.453,0.1192000000000002,4.0022,4.0022,3.883,3.9128,3.0698,3.883,20190201,601228.SH,72071.53
283,278.0,278.0,27620.369,-0.029799999999999827,3.883,3.9228,3.8731,3.9128,-0.7616,3.9128,20190131,601228.SH,70406.7
284,279.0,279.0,14941.813,0.0,3.9128,3.9327,3.893,3.9327,0.0,3.9128,20190130,601228.SH,37918.32
285,280.0,280.0,24360.922,-0.049700000000000084,3.9128,3.9724,3.883,3.9526,-1.2543,3.9625,20190129,601228.SH,61694.39
286,281.0,281.0,20069.603,0.00990000000000002,3.9625,3.9923,3.9526,3.9724,0.2505,3.9526,20190128,601228.SH,50159.0
287,282.0,282.0,17591.318,-0.029700000000000063,3.9526,3.9923,3.9526,3.9823,-0.7458,3.9823,20190125,601228.SH,43997.18
288,283.0,283.0,22340.699,0.00990000000000002,3.9823,3.9923,3.9327,3.9625,0.2492,3.9724,20190124,601228.SH,55881.93
289,284.0,284.0,18857.516,0.0,3.9724,4.0022,3.9426,3.9625,0.0,3.9724,20190123,601228.SH,47135.0
290,285.0,285.0,23425.436,-0.049700000000000084,3.9724,4.0221,3.9724,4.0221,-1.2357,4.0221,20190122,601228.SH,58255.0
291,286.0,286.0,37881.066,-0.01980000000000004,4.0221,4.0717,4.0121,4.0519,-0.4899,4.0419,20190121,601228.SH,93241.89
292,287.0,287.0,25693.236,0.029799999999999827,4.0419,4.0717,4.0022,4.0221,0.7428,4.0121,20190118,601228.SH,63254.62
293,288.0,288.0,23330.54,-0.03979999999999961,4.0121,4.0717,4.0022,4.0419,-0.9823,4.0519,20190117,601228.SH,57622.0
294,289.0,289.0,32386.672,0.009999999999999787,4.0519,4.0717,4.0221,4.0419,0.2474,4.0419,20190116,601228.SH,79369.29
295,290.0,290.0,20440.849,0.029799999999999827,4.0419,4.0419,3.9923,4.0022,0.7428,4.0121,20190115,601228.SH,50447.3
296,291.0,291.0,18655.668,-0.01989999999999981,4.0121,4.0717,4.0022,4.032,-0.4936,4.032,20190114,601228.SH,46067.89
297,292.0,292.0,18561.385,0.029799999999999827,4.032,4.032,4.0022,4.0121,0.7446,4.0022,20190111,601228.SH,45882.0
298,293.0,293.0,24185.563,-0.01989999999999981,4.0022,4.0618,3.9823,4.032,-0.4948,4.0221,20190110,601228.SH,59780.0
299,294.0,294.0,40293.663,-0.029799999999999827,4.0221,4.0916,4.0022,4.0419,-0.7355,4.0519,20190109,601228.SH,98714.7
300,295.0,295.0,48260.10400000001,0.029799999999999827,4.0519,4.1313,3.9923,4.0221,0.7409,4.0221,20190108,601228.SH,117557.39
301,296.0,296.0,27755.71,0.01989999999999981,4.0221,4.032,3.9923,4.0022,0.4972,4.0022,20190107,601228.SH,68680.78
302,297.0,297.0,31225.825,0.06950000000000013,4.0022,4.0022,3.8731,3.9029,1.7672,3.9327,20190104,601228.SH,78445.65
303,298.0,298.0,14034.781,0.00990000000000002,3.9327,3.9526,3.9128,3.9228,0.2524,3.9228,20190103,601228.SH,35464.0
304,299.0,299.0,12718.925,-0.00990000000000002,3.9228,3.9526,3.9029,3.9526,-0.2517,3.9327,20190102,601228.SH,32218.0
305,300.0,300.0,18333.49,0.029800000000000267,3.9327,3.9426,3.9029,3.9029,0.7635,3.9029,20181228,601228.SH,46443.0
306,301.0,301.0,25662.347,-0.03970000000000029,3.9029,4.0121,3.893,4.0022,-1.0069,3.9426,20181227,601228.SH,64619.0
307,302.0,302.0,14405.777,-0.029799999999999827,3.9426,3.9923,3.9327,3.9327,-0.7502,3.9724,20181226,601228.SH,36170.26
308,303.0,303.0,35193.403,-0.08939999999999992,3.9724,4.032,3.893,4.032,-2.201,4.0618,20181225,601228.SH,88421.22
309,304.0,304.0,14905.883999999998,0.01989999999999981,4.0618,4.0618,4.032,4.032,0.4923,4.0419,20181224,601228.SH,36563.61
310,305.0,305.0,20691.41,-0.03979999999999961,4.0419,4.0717,4.032,4.0717,-0.9751,4.0817,20181221,601228.SH,50759.32
311,306.0,306.0,26323.862,-0.00990000000000002,4.0817,4.1214,4.0618,4.0916,-0.242,4.0916,20181220,601228.SH,63941.77
312,307.0,307.0,36773.111,-0.1092000000000004,4.0916,4.181,4.0817,4.171,-2.5995,4.2008,20181219,601228.SH,88834.32
313,308.0,308.0,69679.906,-0.03979999999999961,4.2008,4.2604,4.0618,4.2207,-0.9385,4.2406,20181218,601228.SH,166157.24
314,309.0,309.0,60724.427,0.06959999999999944,4.2406,4.2604,4.171,4.181,1.6687,4.171,20181217,601228.SH,142982.03
315,310.0,310.0,62212.351,0.01980000000000004,4.171,4.32,4.0817,4.1512,0.477,4.1512,20181214,601228.SH,147455.93
316,311.0,311.0,31450.417,0.04970000000000052,4.1512,4.181,4.0817,4.1114,1.2118,4.1015,20181213,601228.SH,75489.0
317,312.0,312.0,12970.923,0.0,4.1015,4.1214,4.0817,4.1114,0.0,4.1015,20181212,601228.SH,31388.0
318,313.0,313.0,14114.681,0.029799999999999827,4.1015,4.1015,4.0618,4.0618,0.7319,4.0717,20181211,601228.SH,34367.0
319,314.0,314.0,18589.382,-0.04970000000000052,4.0717,4.1313,4.0717,4.1313,-1.2059,4.1214,20181210,601228.SH,45207.16
320,315.0,315.0,13389.437,0.010000000000000677,4.1214,4.1512,4.1015,4.1214,0.2432,4.1114,20181207,601228.SH,32262.61
321,316.0,316.0,20598.302,-0.07950000000000035,4.1114,4.181,4.1114,4.181,-1.897,4.1909,20181206,601228.SH,49394.0
322,317.0,317.0,23414.439,-0.03969999999999985,4.1909,4.2108,4.1412,4.1909,-0.9384,4.2306,20181205,601228.SH,55596.77
323,318.0,318.0,35712.444,0.04959999999999986,4.2306,4.2505,4.1512,4.1909,1.1863,4.181,20181204,601228.SH,84172.45
324,319.0,319.0,43519.001,0.1192000000000002,4.181,4.2207,4.1512,4.1512,2.9347,4.0618,20181203,601228.SH,103236.09
325,320.0,320.0,21568.773,0.00990000000000002,4.0618,4.0717,3.9823,4.0519,0.2443,4.0519,20181130,601228.SH,53008.48
326,321.0,321.0,35117.345,-0.0993000000000004,4.0519,4.181,4.0419,4.171,-2.3921,4.1512,20181129,601228.SH,84755.24
327,322.0,322.0,35930.814,0.009999999999999787,4.1512,4.1611,4.0916,4.1412,0.2415,4.1412,20181128,601228.SH,86465.68
328,323.0,323.0,18359.403,-0.009999999999999787,4.1412,4.1909,4.1214,4.1611,-0.2409,4.1512,20181127,601228.SH,43927.35
329,324.0,324.0,17287.012,0.0,4.1512,4.1909,4.1015,4.1512,0.0,4.1512,20181126,601228.SH,41307.75
330,325.0,325.0,37525.081,-0.1291000000000002,4.1512,4.2902,4.1114,4.2703,-3.0161,4.2803,20181123,601228.SH,88739.88
331,326.0,326.0,23883.04,0.010000000000000677,4.2803,4.3001,4.2604,4.2803,0.2342,4.2703,20181122,601228.SH,55395.52
332,327.0,327.0,27471.092,-0.010000000000000677,4.2703,4.2803,4.2108,4.2306,-0.2336,4.2803,20181121,601228.SH,64252.53
333,328.0,328.0,50251.734,-0.12909999999999933,4.2803,4.3796,4.2604,4.3697,-2.9278,4.4094,20181120,601228.SH,115258.84
334,329.0,329.0,58778.973,0.0,4.4094,4.4193,4.3399,4.4094,0.0,4.4094,20181119,601228.SH,133370.96
335,330.0,330.0,80247.878,0.0992999999999995,4.4094,4.4292,4.3101,4.32,2.3039,4.3101,20181116,601228.SH,181777.85
336,331.0,331.0,43561.464000000014,0.0398000000000005,4.3101,4.32,4.2406,4.2505,0.932,4.2703,20181115,601228.SH,100749.84
